jd_no,text_job
0,"Job Title: Senior Software Engineer  
Company: Codeliq  

This remote contract role involves responsibilities in software development, focusing on back-end web development and programming. Required technical skills include over 5 years of experience with Java and key Java-based frameworks such as Spring, Spring Boot, and Hibernate, as well as experience in building RESTful web services. A strong foundation in object-oriented programming, deep understanding of SQL and relational databases, and familiarity with test-driven development are essential. Candidates should possess a strong background in back-end web development and software development, along with excellent problem-solving and analytical skills, and the ability to work independently."
1,"The Principal Data Scientist - Biostatistics at 4D Molecular Therapeutics will provide statistical expertise to support clinical development projects, collaborating with cross-functional teams on study design, protocol development, and statistical analysis. Responsibilities include developing statistical analysis plans (SAP), randomization schemas, and statistical reports, ensuring data quality and interpretation, and contributing to regulatory submission documents. Required qualifications include a minimum of 12 years of experience in the biotech/pharmaceutical industry or medical research, with a focus on clinical development; proficiency in SAS programming (SAS/BASE, SAS Macros, SAS/Stat, ODS) and familiarity with R programming; knowledge of clinical trial standards (CDISC, SDTM, ADaM) and regulatory requirements for submissions; and strong organizational, communication, and project management skills. Experience in ophthalmology or gene therapy is advantageous. The role involves oversight of biometrics vendors and quality review of statistical deliverables. The base salary range is $182,000 to $211,000, depending on experience and location."
2,"Job Title: Systems Engineer  
Company: Allied OneSource  

Responsibilities include implementing professional services, troubleshooting, and configuring various Windows server and network technologies such as Hyper-V, Active Directory (AD), Remote Desktop Services (RDS), and Failover Clustering. The role involves pre-sales technical consulting, creating technical documentation, and project scopes, as well as providing technical support, scripting, equipment configuration, and software updates. Required technical skills include a minimum of an Associate's degree or equivalent experience/certifications, with at least 3 years of server administration experience, particularly with Windows Server technologies. Familiarity with PowerShell scripting and peripheral device configuration is advantageous. Strong critical thinking, troubleshooting, and diagnostic skills are essential, along with excellent written communication and documentation abilities. The candidate should demonstrate teamwork, organizational skills, and the ability to meet deadlines. Preferred qualifications include experience with WatchGuard firewalls and a Bachelor's degree in a relevant field. Salary is $75,000."
3,"Job Title: DevOps Engineer III  
Company: Cube Group, Inc.  

Responsibilities include developing and maintaining Infrastructure as Code automation using Ansible and Terraform, creating and optimizing monitoring dashboards and alerts, enhancing platform security and reliability through automated solutions, providing technical leadership and mentoring to junior engineers, participating in code reviews, and collaborating with cross-functional teams to resolve technical issues. Required technical skills include proficiency in Ansible and Terraform, experience with Linux server management in high-security environments, familiarity with monitoring tools like DataDog, and knowledge of secrets management systems such as Hashicorp Vault. Candidates should have 8+ years of DevOps experience, strong problem-solving abilities, and effective communication skills. Experience with trading platforms and blockchain technology is a plus. The role involves working in a fast-paced environment and contributing to a digital asset marketplace."
4,"Job Title: Sr .Net Developer  
Company: OKAYA INFOCOM  
Location: Miami, FL (Hybrid)  
Duration: 12-24+ months  

Responsibilities include hands-on coding and development, architecting enterprise solutions, and full documentation of projects. Required skills include a minimum of 10 years of .NET software development experience, strong proficiency in C#/.NET, SQL, and deep knowledge of Angular or React. Experience with MongoDB, DocumentDB, or other NoSQL/SQL databases is necessary. Familiarity with cutting-edge projects in AI, FinTech, or Crypto is advantageous, as the role involves building new applications. Strong written and verbal communication skills are essential."
5,"The UX Designer Lead, Managing Consultant at Guidehouse is responsible for creating digital experiences for commercial and public sector clients, focusing on user experience (UX) and user interface (UI) design. Key tasks include conducting user research, leading UI design for websites and applications, and providing strategic consultative support in areas such as business analysis and stakeholder engagement. Required skills include over 8 years of UX/UI design experience, proficiency in design tools like Figma and InVision, and familiarity with human-centered design methodologies. Experience with federal government projects or regulated industries is preferred. The role involves managing a team of 2-3 consultants, participating in business development, and supporting client engagements. Candidates must possess a US equivalent Bachelor’s degree and the ability to obtain a Public Trust security clearance. Travel may be required up to 20%."
6,"Job Title: Opto-Mechanical Systems Engineer Intern - Summer 2024  
Location: Redwood City, CA  

Responsibilities include developing, implementing, and validating an automated calibration process for an optical sensor in 3D printers. Key tasks involve writing Python code for motorized positioning equipment, sensors, and light sources; collecting and processing sensor data; writing unit tests; using optical design software for parameter extraction; integrating software and hardware; and validating the system. Required skills include proficiency in Python, familiarity with optical design software (preferably Zemax), and basic mechanical principles. The role involves collaboration with Optics and Systems engineering teams and requires 60% onsite presence."
7,"Java Full Stack Developer responsible for designing, developing, and maintaining software applications using Java, Spring Boot, Spring Batch, Kafka, and AWS cloud services. Key tasks include deploying Java-based applications, implementing event-driven architectures with Kafka, and developing scalable microservices and APIs utilizing AWS services such as EC2, S3, Lambda, and RDS. Required skills include strong programming in Java, proficiency in Spring frameworks, hands-on experience with Kafka, and familiarity with microservices architecture and RESTful APIs. Knowledge of containerization (Docker, Kubernetes), Agile methodologies, and DevOps practices is necessary. A Bachelor's degree in Computer Science or related field is required, with a preference for a Master's degree and 3-5 years of experience in Java development. Preferred qualifications include AWS certification, experience with database systems (MySQL, PostgreSQL, MongoDB), CI/CD pipelines, and software development tools (Git, JIRA)."
8,"Job Title: Transformation Data Analyst - Financial Services  
Location: Hybrid - NYC 10013  
Contract Rate: $73-96/hour  

The Transformation Data Analyst will support the Data Remediation Transformation Program in a financial services context, focusing on improving data quality related to regulations. Responsibilities include creating and maintaining a centralized SharePoint site, developing automated workflow tools, supporting reporting and analytics processes, analyzing remediation progress, and implementing governance processes. Required skills include over 10 years of experience in finance or project management, proficiency in KNIME for data analytics, SharePoint, Microsoft Office (including VBA and Excel), SQL, and relational database management systems. Experience with Microsoft Access, Lynx UI, Optima Cognos Reporting Tool, and data extraction from Data Globe is necessary, along with a solid understanding of loan data hierarchy. A bachelor's degree is required."
9,"Job Title: Senior Network Engineer  
Company: TSR Consulting Services, Inc.  
Location: Alpharetta, GA (hybrid, 3 days onsite including weekends)  

Responsibilities include designing and implementing large-scale networks, ensuring secure separation between production and non-production environments, and maintaining network infrastructure. Required technical skills encompass Ethernet technologies (STP, 802.1Q, VPC, Multilayer Switching), IP routing protocols (RIP, OSPF, BGP, MPBGP, TCP/IP), multicast routing (PIM, IGMP, MSDP), and familiarity with Cisco (Nexus 9000 Series, IOS, IOS-XE, NXOS, IOS-XR) and Arista platforms (EOS). Experience with network segmentation, network hardware administration, and virtualization across multiple environments is essential. Familiarity with JIRA for Agile-Kanban project management is needed. Desired skills include proficiency in Microsoft applications (Visio, Word, Excel, Outlook), UNIX or Linux, and scripting/automation using Python or Ansible. Tools such as Wireshark, Infoblox, HPNA, Splunk, and Sevone are relevant. Knowledge of SDN, SDWAN, DMVPN, public cloud, Kubernetes, storage over IP, and VMware is beneficial. A strong understanding of security concepts, including defense in depth and zero trust networking, is required. Certifications such as CCIE or equivalent and CISSP are highly desirable. Candidates should have 15+ years of experience in a financial services firm, technology vendor, or systems integrator, with strong presentation skills and the ability to work independently and collaboratively."
10,"Job Title: Remote - Software Engineer - OIPA Configurator  
Company: State Farm  

Responsibilities include modernizing communication with Life Policyholders through a digital omnichannel strategy, focusing on the Oracle Insurance Policy Administration (OIPA) system and Equisoft Design manager. Key tasks involve OIPA configuration/testing, integrating with enterprise capabilities, and participating in modernization projects such as an AWS-hosted front-end User Initiated Communication tool. Required technical skills include experience with OIPA, Java or Python, and JavaScript frameworks (React, Angular, VueJS, Ember). Familiarity with containerization technologies (Puppet, Docker, Kubernetes), continuous delivery pipeline development (YAML/Bash), and GitLab is preferred. AWS Cloud experience and knowledge of Life Insurance products are advantageous. Strong analytical, communication, and problem-solving skills are essential, along with a self-motivated approach to work. The position is remote or hybrid, depending on the candidate's location, and applicants must be eligible to work in the U.S. without sponsorship. Salary ranges from $90,600 to $177,500, with potential annual incentive pay of up to 15% of base salary. Benefits include health insurance, 401k, paid time off, and tuition reimbursement. Application deadline is April 29, 2024."
11,"Job Title: Fullstack .NET/JavaScript Developer  
Location: Charlotte, NC  

Responsibilities include translating business requirements into technical specifications, strategizing project completion plans, mentoring developers, providing guidance to engineering teams, collaborating on application delivery, reviewing technical aspects of bugs and user stories, resolving production issues, participating in scrum meetings and release planning, and reviewing application code for quality and security standards.  

Required qualifications include a Bachelor's degree in Information Technology, Computer Science, or a related field, or equivalent experience. Candidates must have extensive experience with application delivery in cloud environments, particularly Azure services (e.g., EntraID, Functions, Web Apps), and managing CI/CD pipelines in Azure DevOps. Proficiency in programming languages and frameworks such as C#, JavaScript, TypeScript, SQL, .NET Core, React (or similar), and GraphQL is essential. Familiarity with development tools like Visual Studio, Visual Studio Code, and SQL Server Management Studio is required. Knowledge of unit testing practices (e.g., xUnit, nUnit, JEST), N-Tier Architecture, SOLID principles, Design Patterns, Microservices Architecture, Domain Driven Design, and SCRUM/Agile methodologies is necessary. Strong analytical, troubleshooting, and decision-making skills, along with a detail-oriented approach to application security (including knowledge of OAuth flows), are also required."
12,"Job Title: DevOps Engineer  
Company: Open Systems Technologies  
Location: New York, NY  
Compensation: $170-190k  

Responsibilities include the design, implementation, maintenance, and ongoing support of Microsoft Enterprise GitHub, Sonatype, and SonarQube for cloud migration. Required technical skills include proficiency in GitHub, Sonatype, and SonarQube. The role involves working within the financial services industry."
13,"The Software Engineer Intern position at the University of Tennessee, Knoxville, involves contributing to the Complex Systems Monitoring Optimization and Stability Laboratory (COSMOS lab), which focuses on applied AI research in areas such as Homeland Security, Autonomous Vehicles, Transportation, and Manufacturing. Key responsibilities include developing real-world AI products for security applications. Required technical skills include experience in App, API, or SaaS development, proficiency in programming languages such as Python, C, and C++, and knowledge of SQL, DBMS, MapReduce, Cloud, and DevOps. Familiarity with Object-Oriented Programming (OOP) concepts is also necessary. The role is part of an NSF REU internship program and offers competitive pay, mentorship from PhD students, and potential opportunities to transition into a full-time position as a Founding Engineer/CTO in a startup spinoff. Candidates must be U.S. citizens or lawful permanent residents enrolled in an undergraduate program, with strong problem-solving, analytical, communication, and interpersonal skills."
14,"Job Title: Full Stack Java Developer  
Company: Intello Group, Inc.  
Role: Java/J2EE Senior Full Stack Developer with Spring Boot Experience  
Location: Remote  
Duration: Long-term  
Primary Skill: Java/J2EE – Spring Boot, Rest API  

Responsibilities include developing applications using Java and Spring Boot 2.x, implementing RESTful APIs, and utilizing microservices architecture. Required technical skills include advanced proficiency in Java programming, web security principles, and familiarity with Liquibase for database schema management. Experience with Jhipster for web application development, Maven for project dependency management, and Vue.js 2 for building user interfaces is essential. The role also involves migrating Vue.js and Spring Boot applications to newer versions and integrating Java applications with AWS or Microsoft Azure services, including Azure Active Directory and Azure Storage. Proficiency in Python is also required. Candidates must have 12+ years of relevant experience."
15,"Job Title: Software Engineer  
Location: Downtown Houston  
Responsibilities include working on multiple projects, splitting time between two sites and remote work. Required technical skills include proficiency in Python and Node as core programming languages. The role is full-time and may be contract-to-hire or direct hire. Experience of 3-5 years as a Software Developer is necessary."
16,"The Senior Data Scientist 3 - Nonproliferation at Pacific Northwest National Laboratory (PNNL) is responsible for designing, developing, and implementing methods and systems for analyzing diverse datasets, utilizing statistics, machine learning, advanced mathematics, and software development. Key tasks include integrating and cleaning data, recognizing patterns, and developing predictive models and algorithms. Required qualifications include a BS/BA with 5+ years, MS/MA with 3+ years, or a PhD with 1+ year of relevant experience, along with proficiency in programming languages such as Python, Scala, Java, C, or C++. Preferred skills include experience with machine learning frameworks like PyTorch, natural language processing, and applications in geospatial intelligence or computer vision. The role involves collaboration with government, military, and industry officials and requires the ability to obtain a TS/SCI clearance. PNNL's work focuses on national security, particularly in nuclear nonproliferation, leveraging AI and data analytics to address complex challenges."
17,"Job Title: Network Engineer III  
Company: TEKsystems  

Responsibilities include certifying code for Customer Premises Equipment (CPE) and Optical Network Units (ONU) as part of the Access Engineering organization and CPE team. Required skills include 5-10 years of experience with CPE, ONU, fiber out of home, and Passive Optical Networks (PON). The role is onsite and focuses on technologies such as Optical Line Terminals (OLT) and related fiber optics systems."
18,"Job Title: DevOps Software Engineer with Security Clearance

Responsibilities include performing all phases of the software development lifecycle, analyzing user/business needs, designing software systems, conducting software updates, testing, debugging, and documenting software for maintenance. The role involves working with a data scientist team to capture cyber knowledge, leveraging Python to access APIs, transforming data into JSON, and supporting cyber knowledge development priorities. Required qualifications include an active TS/SCI clearance with a polygraph, a Bachelor's degree with 8 years of relevant experience or a Master's degree with 6 years, or equivalent experience. A Computer Science degree or related field is necessary, along with strong Python skills, familiarity with JSON, and experience with Jupyter Notebooks and GitLab. Preferred skills include experience with JavaScript and TypeScript, understanding of the Cyber mission, and knowledge of the MITRE ATT&CK framework."
19,"Software Engineer Intern at TuneTunnel involves remote work focused on back-end web development, software development, and programming. Core responsibilities include collaborating with experienced engineers on various projects to enhance the TuneTunnel platform. Required technical skills include web design, networking, and proficiency in node.js or similar frameworks. Candidates should have a strong knowledge of Computer Science principles, programming languages, and the ability to work independently. Excellent problem-solving, analytical, communication, and collaboration skills are essential. Applicants must be pursuing a degree in Computer Science or a related field and possess US work authorization. This is an unpaid internship with potential stock options for select candidates."
20,"Job Title: Machine Learning Engineer, Recommendation - E-Commerce  
Company: TikTok  

Responsibilities include designing and optimizing algorithms for large-scale e-commerce recommendation systems, building user interest models, and developing predictive models for candidate generation and ranking. Required technical skills include proficiency in programming languages such as Python, Java, C++, or R, and familiarity with machine learning algorithms, deep learning frameworks (TensorFlow, PyTorch, MXNet), and big data frameworks (e.g., MR, Spark). Candidates should have a Bachelor’s degree in computer science or a related field and at least 3 years of relevant experience. Preferred qualifications include experience in recommendation systems, online advertising, and publications in relevant conferences or competitions. The role involves working within the e-commerce domain, focusing on enhancing user shopping experiences through advanced machine learning techniques."
21,"Job Title: Data Engineer II  
Company: Honeywell  

Responsibilities include designing, implementing, and managing data architecture, systems, and processes for high-volume data collection, storage, processing, and analysis to support business insights. Tasks involve creating and maintaining data pipelines, data warehouses, and data lakes, ensuring data quality and compliance with governance standards, and collaborating with data scientists and analysts. Required technical skills include a Bachelor’s degree in a technical discipline, two or more years of experience in Data Engineering and ETL development, proficiency in Azure Databricks, CI/CD, DevOps, Python, SQL, and PySpark. Knowledge of NoSQL systems, data warehouse platforms like Snowflake, data modeling techniques, and the Hadoop ecosystem is valued. Familiarity with statistical modeling and effective communication skills are also important."
22,"Job Title: Principal Power Systems Engineer  
Company: CHA Consulting, Inc.  

The Principal Power Systems Engineer will oversee multiple teams on transmission, substation, and generation projects, focusing on system analysis and controls. Responsibilities include managing all phases of technical projects from conception to completion, preparing specifications, compiling technical reports, and conducting field assignments. Required qualifications include a Bachelor's degree in Electrical Engineering (Master's preferred), a Professional Engineer (PE) license, and a minimum of 15 years of progressive engineering experience. Expertise in power systems, electrical generation, distribution, and transmission is essential, along with advanced proficiency in engineering software such as Revit, AutoCAD, and MicroStation. The role requires strong leadership skills and the ability to collaborate effectively within teams. The position operates within the utilities infrastructure and electrical transmission domain, emphasizing safety and technical excellence in power delivery systems, including AC/DC conversion and various insulation mediums."
23,"Job Title: Cloud Architect  
Company: Apetan Consulting LLC  
Location: Charlotte, NC (Hybrid: 3 days onsite, 2 days remote)  
Client: Charter Communications  

Responsibilities include designing, implementing, and optimizing AWS cloud solutions, ensuring scalability and security. Key tasks involve collaborating with cross-functional teams, providing technical leadership on AWS best practices, conducting assessments of existing AWS environments, and supporting pre-sales activities. Required skills include 5-7+ years of experience with AWS cloud environments, in-depth knowledge of AWS services (EC2, S3, RDS, VPC, IAM, Lambda, CloudFormation), and expertise in cloud security and FinOps. Familiarity with Chat GPT, AI, and Machine Learning is also necessary. AWS certification (e.g., AWS Certified Solutions Architect, AWS Certified DevOps Engineer) is preferred. Candidates must be local to Charlotte; relocation candidates will not be considered."
24,"Job Title: Sr. Data Engineer  
Company: Simtra BioPharma Solutions  

Core responsibilities include leading the implementation of a cloud data warehouse platform, building data pipelines from various source systems to Snowflake using ETL tools such as Fivetran, DBT, and Airflow, and creating Power BI reports. The role involves collaborating with multiple business functions (sales, marketing, finance, purchasing, supply chain, manufacturing) to understand data and reporting needs, creating design documents, and mentoring junior engineers. Required technical skills include 5-7 years of experience in data engineering and business intelligence, proficiency in Python for data pipeline creation, and strong experience with cloud data platforms like Snowflake. Familiarity with batch and real-time data ingestion, data modeling using Kimball or Data Vault methodologies, and managing onsite and offshore consultants is essential. The position is onsite in Bloomington, Indiana, and reports to a Principal Architect."
25,"Job Title: Software Engineer III, Platforms Infrastructure Engineering  
Company: Google  

Responsibilities include writing product or system development code, participating in design reviews, reviewing code for best practices, contributing to documentation, and triaging product or system issues. Required qualifications are a Bachelor’s degree or equivalent experience, 2 years of software development experience in one or more programming languages, and 2 years of experience with data structures or algorithms. Preferred qualifications include a Master’s degree or PhD in Computer Science or related fields, 2 years of experience with performance analysis, large-scale systems, visualization tools, debugging, and developing accessible technologies. Proficiency in code and system health, diagnosis, resolution, and software test engineering is also preferred. Technologies and methodologies relevant to this role include distributed computing, large-scale system design, networking, data storage, security, artificial intelligence, natural language processing, and UI design. The position involves managing project priorities, deadlines, and deliverables while enhancing software solutions within Google’s technical infrastructure."
26,"Job Title: Web Application Developer  
Location: Hybrid  
Core Responsibilities: Develop and maintain web applications, troubleshoot issues across the application stack (Browser, Web Server - IIS, code, Database), collaborate with project members to determine requirements, author complex web applications, evaluate and integrate third-party code, test and deploy solutions, identify and escalate technical issues, recommend improvements for infrastructure and technology, and prepare system documentation.  
Required Skills: 2-3 years of development experience, proficiency in Microsoft Visual Studio .Net, C#, Java, Object-Oriented Design, .Net Core, MVC, and modifying existing code in HTML, ASP, ASP.Net 1.1, VB.Net, JSON. Knowledge of Microsoft Operating Systems (IIS, Log Files), Microsoft SQL Server (writing SQL queries, using Enterprise Manager/Management Studio), Microsoft TFS/Azure DevOps, and legal applications is a plus.  
Technologies: Visual Studio .Net, C#, Java, .Net Core, MVC, SQL, IIS, ASP, ASP.Net, VB.Net, JSON, Microsoft SQL Server, Microsoft TFS/Azure DevOps.  
Domain Context: Focus on technology, cybersecurity, finance, and accounting sectors."
27,"Job Title: Software Engineer – Streaming Search (Remote)  
Company: CrowdStrike  

This position involves designing and building a high-throughput distributed system for partitioning, filtering, querying, and joining streaming data at scale, processing trillions of events daily. Key responsibilities include collaborating with an agile team on cloud and datacenter architecture, performance tuning, and developing scalable systems. Required technical skills include strong experience in object-oriented programming, particularly in C++ (C++17), and familiarity with multithreading, memory management, and data structures. Proficiency in Python, Java, Golang, and tools such as Docker, Apache Kafka, RocksDB, and Apache Zookeeper is also necessary. Candidates should be comfortable with Unix/Linux command line, Git version control, and possess problem-solving skills in ambiguous environments. Experience with distributed applications, AWS services (EC2, S3), and monitoring tools (Grafana, Prometheus) is advantageous. Prior experience in cybersecurity or intelligence fields is a plus."
28,"The Senior Director of DevOps Engineering at Visa leads multiple development teams within the Acceptance Solutions Product Development group, focusing on delivering modern, large-scale services and products. Responsibilities include driving tooling and architecture for cross-team projects, establishing software development best practices, mentoring engineering teams, and optimizing testing and deployment processes. Required skills include expertise in Java, C#, Golang, Spark, microservices, and Agile methodologies, with a strong emphasis on building high-availability enterprise-level applications. The role demands experience in the payments industry, managing complex integration projects, and fostering a culture of engineering excellence. The position is hybrid, requiring in-office attendance 2-3 days a week, and involves minimal travel (5-10%). A Bachelor's degree with 12+ years of relevant experience or a Master's degree with 9+ years is preferred."
29,"Job Title: Network Engineer  
Company: Labatt Food Service  

Network Engineers at Labatt Food Service are responsible for building and maintaining the network backbone and telecommunications infrastructure to support over 7,000 electronic endpoints across 5 distribution centers and 5 satellite offices. Core responsibilities include programming routers, switches, load balancers, and access points using Cisco, Juniper, Extricom, F5, and VMWare devices; executing multi-year device replacement plans; managing telecommunications providers; organizing active-active network redundancy plans; and employing modern chaos techniques for resilient architecture. Required technical skills include knowledge of networking protocols and standards, as well as relevant certifications such as CCNA and CompTIA Network+. A minimum of a bachelor’s degree is required. The role involves continuous learning about new wireless technologies and adherence to evolving best practices in the field."
30,"Job Title: Sr. Java Developer  
Company: iCST  
Location: Remote in the US  
Salary: $90 - 95K + Benefits  
Full-time position, no C2C. Requires a strong backend developer with at least 2 years of state project experience. Responsibilities include developing backend systems using Java and related technologies. Required skills: 8+ years of experience with J2EE/Jakarta EE (Java 7/8), 6+ years with transactional databases (DB2, Oracle, SQL Server), and expertise in Spring Framework (Spring Integration, Spring Boot, Spring Batch). Proficiency in RESTful web services, API development, ORM tools (MyBatis, Hibernate, JPA), and object-oriented programming (OOP) is essential. Familiarity with Eclipse or similar IDE, SOA architecture, and version control systems (Git, Bitbucket) is required. Preferred skills include knowledge of Unix utilities, Bash, and Python, along with strong communication skills and the ability to adapt to complex environments."
31,"The Software Engineering Manager for the Colocation Team at Meta will oversee the development of colocation APIs and algorithms, focusing on enhancing multiplayer experiences in augmented and mixed reality (AR/MR) environments. Responsibilities include guiding the team in collaboration with technical program managers (TPMs) and cross-functional partners, establishing a cohesive product vision, and ensuring the end-to-end user experience aligns with strategic goals. Required qualifications include experience in launching public APIs, creating product strategies, mentoring individual contributors, and a background in computer vision or machine learning. Preferred qualifications include experience with embedded systems or Android, and familiarity with ML model review and deployment. The role involves working with technologies that facilitate direct people detection, friend sharing, and shared maps, while aiming to integrate colocation as a system-level service."
32,"Job Title: Lead Data Scientist  
Company: Gloo Digital  
Location: Hybrid Role (Commutable to Atlanta, GA)  

Responsibilities include architecting machine learning solutions, mentoring junior data analysts and data scientists, providing technical guidance, and ensuring high-quality project delivery through code reviews and agile methodologies. The role involves designing, developing, and deploying scalable machine learning algorithms for batch and real-time data processing, conducting statistical analysis for model validation, and collaborating with cross-functional teams to enhance understanding of travel-related data from Global Distribution Systems (GDS) and New Distribution Channels (NDC).  

Required qualifications include a Master’s degree in Data Science, Computer Science, or a related field, along with experience in analyzing travel distribution data and developing complex machine learning algorithms. Proficiency in Python, Big Data technologies, and data science tools is essential, along with experience in implementing machine learning models and conducting large-scale data analysis using Spark, Kafka, Hadoop, and GPUs. Collaboration with data science and cross-functional teams to design, build, and deploy data science products in a production environment is also required."
33,"Job Title: Big Data Engineer  
Location: Dallas, TX (Hybrid)  
Contract Type: Long-term  

Core responsibilities include designing and implementing big data solutions. Required technical skills include experience in solutions architecture or software architecture, proficiency in PySpark, and familiarity with Airflow and Hive. The role involves working within the big data domain."
34,"Job Title: Sr. Azure Cloud Engineer  
Location: Evanston, IL (Hybrid - 2 days onsite)  
Responsibilities include managing production Windows environments, building and updating Azure network entities, and implementing cost management strategies on Azure. The role requires developing Infrastructure as Code (IaC) using cloud-native tooling, with a focus on automation and consistency in platform deployments. Candidates must have over 5 years of experience with Microsoft Azure, including 3+ years with CI/CD tools (e.g., Azure DevOps, Jenkins), and 3+ years of experience with Terraform on Azure, including writing Terraform modules. Strong knowledge of Azure networking and security concepts, container-based infrastructure (e.g., Docker, Kubernetes, AKS), and cloud security requirements (e.g., Azure AD, IAM, Web Application Firewalls) is essential. Additional skills include cloud and OS performance tuning, advanced troubleshooting, and practical networking knowledge. A Bachelor's degree or equivalent work experience is required, and ITIL foundation certification is a plus."
35,"Job Title: Senior Software Engineer, PHP  
Location: Remote, US and Canada Only  
Compensation: $150,000 to $180,000 base plus bonus and equity  

Responsibilities include building end-to-end features for a Security Awareness Training product within a Laravel PHP SaaS application, designing internal and external APIs using a Spec-First approach, collaborating across teams, and writing well-tested code. Required technical skills include 3+ years of programming in PHP, 5+ years of software development experience, knowledge of the Laravel framework, familiarity with the TALL stack (Tailwind, Alpine, Laravel, Livewire), experience with REST API development, MySQL, AWS services, and proficiency in Git. Agile methodologies experience, including story writing and estimation, is necessary, along with the ability to communicate technical concepts clearly. The role involves working within a cross-functional agile team to deliver high-impact value to users."
36,"Job Title: Embedded Software Engineer  
Company: Mainspring Energy  

Responsibilities include designing and implementing embedded Linux applications, debugging Linux drivers and device trees, tuning firewall settings and DNS mapping for new hardware, and writing emulators and unit tests for continuous integration. Required skills include experience in programming embedded Linux applications, proficiency in C++, and a commitment to software engineering best practices. The role involves collaboration within a software team to enhance the existing embedded platform and contribute to the next generation architecture of Mainspring’s linear generator technology, which integrates a network of computers for control signal management and data collection from sensors. The position utilizes technologies such as embedded Linux and real-time bare metal applications. Mainspring operates in the electricity equipment market, focusing on scalable and fuel-flexible power generation solutions."
37,"Job Title: Frontend Developer  
Company: MindSource  
Location: Mountainview, CA (Onsite)  
Job Type: Contract-to-Hire  

Core Responsibilities: Design and develop user interfaces for a Kubernetes cloud web application, collaborating with UX designers and back-end engineers. Develop front-end components using HTML, CSS, JavaScript, and frameworks such as Vue.js and Node.js. Integrate front-end components with cloud infrastructure APIs, optimize performance for large-scale environments, and implement UI testing. Contribute to the CI/CD pipeline and document front-end architecture and design decisions.

Required Technical Skills: Proficiency in Vue.js (with recent experience in Vue 3), strong JavaScript skills (ES6+), and familiarity with Kubernetes API. Experience with Git and cloud platforms (AWS, GCP, Azure) is essential. Knowledge of Pinia, TypeScript, TailwindCSS, Nuxt, and Vite is advantageous.

Experience: Minimum of 4 years in engineering, with at least 2 years of recent experience using the Kubernetes API in JavaScript. Project management experience and the ability to analyze data for optimizing cloud resources are required. A B.Sc. degree in Computer Science, Mathematics, Engineering, or a related field is necessary."
38,"Job Title: Big Data Engineer  
Company: Zentek Infosoft  

Responsibilities include utilizing Spark and Hadoop ecosystem components for data processing and management. Required technical skills include hands-on experience with cloud platforms (GCP or AWS), HiveQL, Spark SQL, Shell scripting, and programming languages such as Java, Scala, or Python. Familiarity with SQL and experience in migration projects on Hadoop are advantageous. Knowledge of workflow engines like Oozie or Autosys and Agile development methodologies is also beneficial. An interest in exploring new technologies and an automation approach are considered a plus."
39,"Job Title: Software Engineer  
Contract: 2 months with potential extension  
Location: Cupertino preferred, can be remote  
Rate: $90+/hr  

Responsibilities include understanding distributed systems and cloud computing principles, working with Apache Flink or Apache Spark Structured Streaming, and related data stores such as Iceberg, Delta, and Kafka. The role requires hands-on experience with Kubernetes environments, preferably on AWS Cloud, and familiarity with AWS services including EKS, EC2, S3, VPC, NLB, and Ingress. Proficiency in at least two programming languages, with a preference for Java, Scala, or Python is required. Experience in setting up alerting, monitoring dashboards, and automation in large-scale distributed environments is essential, along with scripting skills in Python or Shell. The position involves identifying opportunities for automation, optimization, and cost-saving measures within cloud infrastructure."
40,"Job Title: Java Angular Developer  
Location: Charlotte, NC  
Responsibilities include full-stack development with a focus on Java and Angular, utilizing Spring Framework (Spring Boot, Spring Batch) and managing API integrations. Required technical skills include 7+ years of Java experience, proficiency in Spring, Hibernate, and Oracle databases, as well as experience with CI/CD tools such as Jenkins, Ansible, and Quartz Scheduler. Candidates must have 30% experience with Angular (version 12+), CSS, HTML, and JavaScript. Additional requirements include familiarity with Kafka streams, microservices architecture, and application servers like JBoss, Tomcat, or Apache. Experience in the financial domain is preferred."
41,"Job Title: Big Data Engineer  
Location: Phoenix, AZ (hybrid)  
Contract Type: W2 only  

Core Responsibilities: The Big Data Engineer will work with a team in Phoenix, AZ, requiring onsite presence every Tuesday, Wednesday, and Thursday. The role involves hands-on experience with Spark, Scala, and Hive.  

Required Technical Skills: Candidates must have 3-4 years of experience in Big Data engineering, specifically with Spark/Scala and Hive. Experience with NoSQL databases (MapR DB, HBase, Cassandra), Big Data frameworks (Hadoop, Spark, Yarn), and Big Data querying tools (Hive) is preferred. Familiarity with BigQuery and cloud computing is also advantageous.  

Work Arrangement: Candidates not currently located in Phoenix may begin working remotely and are expected to relocate within the first few months of the contract."
42,"Job Title: Data Analyst-Tx  
Company: ATC  

Responsibilities include gathering, analyzing, and documenting business requirements, as well as preparing functional and detailed system design documents. The role requires experience in requirement gathering, Agile methodology, writing user stories, and building and planning roadmaps. Familiarity with the Software Development Life Cycle (SDLC) is essential. Candidates must demonstrate effective communication skills across organizational levels, including leadership, and possess analytical skills and business acumen. Experience with all phases of testing, including system, integration, and user acceptance testing, is required, along with the ability to create use cases and test conditions. A Master's Degree is preferred. The company sponsors H1B or related work visas for eligible candidates on F1/OPT/CPT and offers 100% paid health insurance."
43,"Job Title: Elastic Path Product (Fullstack Developer)  
Location: USA (Remote)  

Responsibilities include leading teams to implement enhancements for Elastic Path to provide eCommerce functionalities, as well as maintaining, triaging issues, and rolling back customizations on the Elastic Path product. Required skills include 10+ years of overall e-commerce experience, with at least 4+ years specifically in Elastic Path, proficiency in Java/J2EE web application platforms, and experience with Spring MVC or Boot. Familiarity with Elastic Path on Prem versions 7.x and 8.x is essential, along with implementation experience in RESTful API-based solutions and integrations."
44,"Job Title: Senior Java Software Engineer  
Location: Culver City, CA  
Position Type: Full Time  

Responsibilities include identifying risks and forming contingency plans, analyzing existing operations, scheduling training sessions, and updating work schedules. The role involves managing team metrics, collaborating with the Jira administration team for customizations, motivating staff, conducting code reviews, and delivering progress reports to stakeholders. Required skills include 8-10 years of experience with JDK 1.8, Spring 3.x, Hibernate 4.0, JPA 2.0, and strong knowledge of Spring Boot, Angular 8+, jQuery, Ajax, and Bootstrap. Proficiency in Agile methodologies, Microservices architecture, large volume databases, PLSQL, and JMS (including JBoss Messaging and Active MQ) is essential. Familiarity with Eclipse, XML, SOAP/REST Web Services, CI/CD tools (e.g., Jenkins, Liquibase), and object-oriented analysis and design is required. The candidate should demonstrate strong problem-solving skills, data analysis capabilities, and effective communication skills."
45,"Job Title: Java Developer  
Company: Open Systems Technologies  
Location: Jersey City, NJ  
Compensation: $150-180k  

Responsibilities include designing and developing next-generation order management and trading systems, analyzing and updating existing software code to meet enhancement needs, and collaborating with business teams and stakeholders to understand business requirements. Required technical skills include proficiency in Java and experience with software development methodologies. Familiarity with financial services domain is relevant."
46,"Job Title: Senior Data Analyst  
Experience: 10 years  
Location: Remote  
Duration: Full Time  

Core responsibilities include data warehousing, ETL processes, data profiling, and source to target mapping. The role requires proficiency in advanced SQL and the ability to create business requirement documents (BRD) and functional requirement specifications (FRS). A background in development is necessary for code navigation. The position is situated within the healthcare domain."
47,"Job Title: Senior Dotnet Developer  
Company: SmartWorks, LLC  
Location: Florham Park, NJ  

Responsibilities include software development tasks utilizing Object-Oriented Programming (OOP), .NET Core, and ASP.NET MVC. Required technical skills encompass strong knowledge of OOP principles, proficiency in .NET Core and ASP.NET MVC, excellent programming capabilities, and strong problem-solving and analytical thinking skills. The role demands collaboration within a team environment. A Bachelor’s degree in Computer Science or a related field is required. The position is contract-based and on-site. SmartWorks, LLC operates in various industries, including Healthcare, Banking, Finance, Telecommunication, and Aviation, providing project development and staff augmentation services."
48,"Job Title: Staff Software Engineer, Backend (Software Delivery)  
Company: Procore Technologies  

The Staff Software Engineer will focus on enhancing the internal developer experience within a global SaaS platform, collaborating with Application and Cloud Infrastructure Development teams to create scalable software delivery platforms. Responsibilities include establishing development standards, leading architectural design for improved scalability and performance, conducting code reviews, and mentoring team members. Required technical skills include 7+ years of experience in software engineering, proficiency in Ruby on Rails, Python, Go, Java, or similar languages, and expertise in Test Driven Development and design principles. Experience with large-scale software, platforms, and infrastructure, as well as building Continuous Integration and Continuous Delivery systems, is essential. The tech stack includes Ruby/Rails/Postgres on AWS, Kubernetes, Java, Typescript, CircleCI for Continuous Integration, and ArgoCD/Argo Workflows for Continuous Delivery. Key projects involve developing a next-generation CI/CD pipeline, transitioning to a service-oriented architecture, and improving software delivery observability metrics."
49,"The 5G System Architect Sr Principal Software Developer at Oracle is responsible for architecting and designing complex mobile core network solutions, focusing on Oracle Communications Cloud Native Core and Policy Management products. Key responsibilities include leading technical discussions, assessing communication solutions, managing project plans, and collaborating with various teams. Required technical skills include software architecture, design, and coding in languages such as Java, C++, Python, SQL, Go, and C, along with a strong understanding of cloud architecture and telecommunications core networks, particularly 4G and 5G. Familiarity with 3GPP 5G control plane functions and experience in highly-distributed software systems are advantageous. The role employs methodologies such as scaled agile frameworks and CI/CD, and involves participation in industry standards work groups. The position requires exceptional analytical skills, effective communication, and the ability to mentor and coach others."
50,"Job Title: Senior SAP Data Analyst  
Employment Type: Contract (6 months, possible extension)  
Location: Northern Chicago suburbs (3 days onsite, 2 days remote)  
Pay Rate: $90 per hour on W2  

Core Responsibilities:  
- Analyze and support data conversion and maintenance within MFG, SCM, and FIN areas.  
- Lead design and implementation of SAP project deliverables, including functional and technical specifications, testing, training, and go-live support.  
- Advise on best practices for architecting and supporting S/4 PP, MM, EWM, and ECC SCM applications.  
- Identify design gaps in proposed solutions and recommend alternatives.  
- Conduct data migrations and conversions.  

Required Technical Skills:  
- Strong knowledge of SAP ECC/S4 functionality and standard table structures.  
- Proficient in SQL and data analysis.  
- Experience with ECC/S4 field mapping.  

Work Environment:  
- Self-motivated with the ability to work independently and manage multiple projects and priorities.  
- Collaboration with data team members for build-out tasks and cross-team discussions."
51,"Job Title: Data Analyst with Security Clearance. Location: Quantico, Virginia. Clearance Level: Active DoD - Secret. Required Certification: DoD IAT Level III (must obtain within 180 days of hire). Responsibilities include providing data analytics support, developing visual reports, scorecards, and dashboards, resolving reporting tickets, and coordinating incident tickets. The role involves operating and maintaining systems, supporting full lifecycle development, and implementing data models compatible with industry warehouse standards. Required technical skills include at least 3 years of experience with SQL and Kusto Query Language (KQL), and familiarity with Microsoft Power Platform and Power BI is preferred. Technologies used include VMWare Virtualization, Windows Server, Active Directory, Public Key Infrastructure, Exchange, SharePoint, BMC Remedy, and Azure Cloud. The position requires analysis and remediation for DISA Security Technical Implementation Guidelines (STIG) and participation in change management processes. Working conditions involve a general office environment with minimal travel and occasional off-hours work. Candidates should have 3-5 years of data analyst experience."
52,"Job Title: Senior Machine Learning Engineer  
Company: Capital One  
Location: Richmond, Virginia  

The Senior Machine Learning Engineer will work within an Agile team to design, develop, and implement machine learning applications at scale. Responsibilities include building and delivering ML models, collaborating with Product and Data Science teams, and ensuring the performance and availability of ML applications. Key tasks involve writing and testing application code, automating tests and deployment, retraining and monitoring production models, and constructing optimized data pipelines. Required technical skills include proficiency in Python, Scala, or Java, and experience with ML frameworks such as scikit-learn, PyTorch, Dask, Spark, or TensorFlow. Candidates should have a Bachelor’s degree, at least 4 years of programming experience, and 3 years of experience in data-intensive solutions using distributed computing. Preferred qualifications include experience with cloud platforms (AWS, Azure, Google Cloud), building scalable ML systems, and developing data pipelines. Knowledge of continuous integration and deployment practices, as well as Responsible and Explainable AI principles, is essential."
53,"Job Title: Senior Java Developer  
Location: Houston  
Company: Macquarie Group  

The Senior Java Developer will be part of the Commodities and Global Markets Technology team, focusing on the design, coding, testing, and implementation of projects within a DevOps environment. Key responsibilities include delivering optimizations and business initiatives for a global tools platform and addressing support requests. Required technical skills include extensive experience in Java, JavaScript, SQL, Python, and cloud-native technologies, with a minimum of 2 years in application design and development. Familiarity with AWS and participation in cyber threat triage or response teams is preferred. The role demands effective collaboration with clients, development teams, and senior management across different time zones."
54,"The Senior DevOps Engineer at Open Systems International will be responsible for building automation around the secure development life cycle of the Digital Grid Management (DGM) product suite. Key tasks include developing and maintaining infrastructure, streamlining product deployment, and enhancing monitoring and reporting of KPIs. Required technical skills include 5+ years of experience in software development, DevOps, or IT operations, proficiency in securing and administering Linux and Windows systems, and expertise in provisioning and Infrastructure as Code technologies such as Packer, Terraform, Chef, Puppet, and Ansible. Experience with containerization technologies (Docker, Podman), managing continuous integration/delivery systems (Jenkins, Azure DevOps, GitHub Actions), and using the JFrog Platform for package management is also necessary. Preferred qualifications include experience with enterprise application development using build tools (Maven/Gradle, NPM, Nuget, Conan) and orchestration technologies (Kubernetes). A bachelor's degree in computer science or a related field is required. The role may involve up to 5% travel."
55,"Job Title: Cloud / .NET Developer  
Location: 100% Remote  
Duration: 3 months  
Work Authorization: US Citizen or Green Card only  

Core responsibilities include developing and maintaining cloud-based applications using .NET and Azure technologies. Required technical skills include extensive experience with Azure, specifically Azure Logic Apps, Azure Service Bus, Azure Data Factory, or Azure Event Grid; strong backend development skills in .NET/C#; and familiarity with Snowflake, Kafka, and BizTalk, with recent experience in these technologies from 2020 to 2023. Knowledge of HL7 standards and recent experience in the healthcare domain are also essential."
56,"Job Title: DevOps Engineer  
Company: Hanker Systems, Inc.  
Role: Contract remote position focusing on infrastructure as code (IaC), software development, continuous integration, and system administration. Responsibilities include supporting and enhancing IT projects to ensure continuous improvement and efficiency.  
Required Skills: Experience with IaC, software development, continuous integration, strong Linux system administration, and knowledge of configuration management tools (Ansible, Puppet). Familiarity with containerization technologies (Docker, Kubernetes) and understanding of networking concepts and protocols are essential. Good problem-solving and troubleshooting skills, along with strong written and verbal communication abilities, are required. Ability to work independently in a remote setting is necessary. Relevant certifications in DevOps or related fields are advantageous."
57,"Job Title: Web Developer  
Company: DataAnnotation  

Responsibilities include developing diverse coding problems and solutions for AI chatbots, writing high-quality code snippets, and evaluating the correctness and performance of code produced by AI models. Required technical skills include proficiency in at least one programming language, such as Python, JavaScript, HTML, C++, C#, or SQL, along with problem-solving abilities comparable to platforms like LeetCode or HackerRank. Candidates must be able to articulate their coding solutions. A bachelor's degree (completed or in progress) and fluency in English (native or bilingual) are necessary. This is a remote position with flexible scheduling, offering hourly pay starting at $40+ USD, with additional bonuses for high-quality work. Payment is processed via PayPal."
58,"Job Title: Business Data Analyst  
Company: Q1 Technologies, Inc.  
Responsibilities include business analysis, stakeholder management, and effective communication to deliver insights and track product performance through dashboards. The role requires strong SQL skills, particularly in complex queries, and proficiency in Tableau for data visualization. Experience in software development life cycle (SDLC) delivery is necessary, with familiarity in waterfall, hybrid, and Agile methodologies. The candidate must work with Product and Engineering teams to understand tracking availability and identify performance gaps."
59,"Job Title: Network Engineer - DHS OSDSS with Security Clearance

Responsibilities include creating and maintaining cloud environments for Human Language Technology (HLT) tool development, facilitating technology rollouts, training linguists on HLT, troubleshooting foreign language content issues, validating features in Computer-Assisted Translation (CAT) Tool Translation Memory (TM) Servers, managing Translation Memories, identifying commercial tools, automating file analysis and parsing, and preparing files for localization. Required technical skills include proficiency in Adobe Suite, Computer-Assisted Translation, Desktop Publishing, Localization Engineering, Microsoft Office, and experience with Translation Memory servers. Candidates must possess a Bachelor's degree or 4+ years of relevant experience in the HLT field, including 4 years of interpretation experience. Language testing with ILR 2+ in translation assessment (CM>EN) is mandatory. The position is full-time and requires the ability to obtain a security clearance."
60,"Job Title: Software Engineer Front-End (Platforms Team)  
Company: FIS  
Position Type: Full-time, Experienced  
Education: Bachelor’s degree in Computer Engineering or equivalent experience  
Travel: 1 - 5%  

Responsibilities include contributing to the development of a financial technology platform, collaborating with product managers and designers, building responsive user interfaces, creating secure and scalable frontend components, translating designs into functional interfaces, maintaining technical excellence, participating in on-call rotations, and mentoring junior engineers.  

Required skills: 7+ years of software development experience, proficiency in frontend frameworks/languages such as React, Redux, JavaScript, and TypeScript, experience with testing tools (e.g., Jest, Selenium, Cypress), and strong communication skills. Experience in FinTech, payment, or banking systems is preferred.  

The role involves using Agile methodologies and requires candidates to reside in the Greater Seattle area for in-person collaboration."
61,"Job Title: Senior Data Engineer - SAP Analytics

Responsibilities include architecting and implementing SAP Analytics solutions such as SAP Analytics Suite, SAP Analytics Cloud (SAC), SAP Datasphere/Data Warehousing Cloud, and SAP Embedded Modeling, tailored to client needs. Conduct business process analyses and requirements gathering to recommend solutions that enhance data-driven decision-making. Build client relationships as a trusted advisor on SAP Analytics, oversee implementation projects ensuring timely delivery, lead cross-functional teams, and manage project risks while maintaining quality standards. Facilitate change management processes and conduct training sessions for clients on SAP Analytics solutions. Stay updated on SAP Analytics developments and foster continuous improvement.

Required qualifications include a Bachelor's or Master's degree in Business Administration, Computer Science, Information Systems, Engineering, or related fields, with a minimum of 5 years of experience in SAP consulting, particularly with SAP Analytics Suite, SAC, Datasphere/DWC, and Embedded Modeling. SAP certifications in relevant areas are preferred. Skills required include expertise in SAP Analytics, project management, client engagement, risk management, and change management. Travel may be required based on project needs."
62,"Job Title: iOS Software Engineer Intern (Creative Tools) - 2024 Summer (BS/MS)

Responsibilities include designing, building, and maintaining high-performance iOS applications for creative content creation on the TikTok platform, collaborating with product teams to translate design concepts into mobile features, optimizing application performance, and ensuring seamless integration with backend systems. Required technical skills include proficiency in Objective-C or Swift, familiarity with iOS development tools and third-party libraries, and a solid understanding of software development principles. Candidates must be pursuing a Bachelor's or Master's degree in Software Development, Computer Science, Computer Engineering, or a related field, and must have work authorization in the country of employment. Preferred qualifications include prior software engineering experience, creativity, and problem-solving skills. The internship runs for 12 weeks starting May/June 2024, with specific start date options provided. Compensation is $45.00 per hour, with additional benefits including medical insurance after 90 days, paid holidays, sick leave, and mental health support."
63,"The Director of Software Engineering at Assurant is responsible for leading application development teams focused on SaaS-based cloud applications utilizing technologies such as Salesforce, MuleSoft, Oracle, Informatica, and Azure. Key responsibilities include managing an Agile Release Train (ART), overseeing multiple teams of over 30 developers and technical staff, facilitating program increment planning, and ensuring service quality and security. The role requires a minimum of 10 years of technology experience, including 5+ years in IT team management and custom software development, with a background in Java/J2EE and .Net. Proficiency in Agile methodologies, cloud-based solutions, continuous delivery practices, and strong communication and negotiation skills are essential. A bachelor's degree in computer science or a related field is required."
64,"Position: Senior .NET Developer. Location: Remote (Eastern Time zone). Duration: 1 Year+. Responsibilities include designing and developing software solutions, communicating designs to team members, and monitoring project progress. Required qualifications: Bachelor’s degree or equivalent experience; 7+ years of ASP.NET application development; 5+ years of experience with .NET 4.5 and C#; proficiency in Object Oriented design patterns, Domain Driven Design, responsive UI design, Service Oriented Architecture, unit testing, and test driven development. Technical skills: HTML (preferably HTML5), JQuery, CSS3, Windows Communication Foundation (WCF), xUnit Unit Testing Framework, ASP.NET Web API/MVC, Angular 10+, and Microsoft SQL Server."
65,"Job Title: Network Engineer  
Company: Tata Consultancy Services  

Responsibilities include managing LAN/WAN network administration, enterprise wireless, and Cisco/Palo Alto firewall administration, with a requirement for experience in Cisco ACI. The role involves troubleshooting advanced network issues, managing network tools such as SolarWinds, Panorama, Prime, Cisco DNA, Cisco ISE, and Infoblox, and investigating causes of network problems to suggest solutions for performance optimization. The engineer will manage new and existing equipment, oversee hardware and software upgrades, and administer Zscaler (ZIA and ZPA). Required technical skills include a minimum of 5 years of experience in network management and a strong understanding of network support priorities."
66,"Job Title: Senior Software Engineer  
Company: CodeMonk  

Core Responsibilities: Lead the design, development, and maintenance of Android applications; architect and implement scalable solutions; collaborate with cross-functional teams to gather requirements; mentor junior developers; conduct code reviews; optimize application performance; implement security measures; stay updated with Android development trends.  

Required Technical Skills: Proficiency in Kotlin or Java; experience with Android development frameworks (Jetpack, RxJava); strong understanding of Android architecture patterns (MVVM, MVP, Clean Architecture); familiarity with Android Studio IDE, XML layout design, Android SDK, SQLite, Retrofit, OkHttp; knowledge of version control systems like Git; excellent problem-solving skills; effective communication and collaboration abilities.  

Technologies and Methodologies: Android development frameworks (Jetpack, RxJava), Android Studio IDE, XML, Android SDK, SQLite, Retrofit, OkHttp, MVVM, MVP, Clean Architecture.  

Domain Context: Focus on remote-first tech work environments, enabling flexible hiring and management of global tech talents."
67,"Job Title: Software Engineer, Full Stack - Agents  
Company: Adept  

Adept seeks a Software Engineer with over 6 years of experience to develop tools and infrastructure for the Adept Agent data flywheel, focusing on enterprise software solutions. Responsibilities include collaborating with Research, Product Engineering, Design, and Human Feedback teams to prototype and iterate solutions based on user feedback. Required technical skills include proficiency in TypeScript, JavaScript, and Python, as well as experience with frontend frameworks such as React and Nest.js. The role emphasizes user experience (UX) and the development of scalable, well-tested software. The position offers a salary range of $175,000 - $350,000 per year, with equity options and a comprehensive benefits package, including medical, dental, and vision insurance, unlimited vacation, and parental leave."
68,"Job Title: Java Developer  
Location: Berkeley Heights, NJ (5 days onsite)  
Duration: 12+ months  
Interview: Video  

Responsibilities include developing efficient and scalable Java applications, consulting on project design, and supporting existing business systems. Required technical skills include experience in developing complex Java applications with low latency and high throughput, Java web development (RESTful APIs using JAX-RS), and proficiency in Java, J2EE, EJB, Java Transaction, and JPA. Knowledge of Java application containers, Angular, JavaScript, HTML, and CSS is necessary. Familiarity with Java internals (garbage collection, application tuning, Java dump analysis) is preferred, along with experience running Java on IBM mainframe and knowledge of Java build and testing tools. Proficiency in DevOps tools as part of the software development lifecycle (SDLC) is required. Shell scripting experience is a plus. Strong problem-solving, analytical, troubleshooting, and communication skills are essential. Availability for production support and on-call duties is required."
69,"Job Title: Site Reliability Engineer

The Site Reliability Engineer will be responsible for owning the Information Architecture and Technical Architecture for sub-domains within the Data & Information Architecture domain. Key tasks include documenting business capabilities, ensuring adherence to architectural standards, developing strategies for capability evolution, and maintaining architectural guidance documents. The role involves participation in IT strategy development, root cause analysis, reliability planning, and collaboration with product teams. Required technical skills include experience in Information Technology, Data Management, Business Intelligence, and Analytics, with familiarity in analytics principles, data warehousing, and governance. Proficiency in frameworks such as Scaled Agile, Scrum, DevOps, and tools like Elastic Search, DBT, Snowflake, and data access languages (SQL, Python) is desired. A minimum of 7 years of relevant experience is required, with a preference for candidates holding a BA/BS in a related field. The position is hybrid, reporting to the Senior Manager of Data Solutions Architecture within the Data Analytics & Insights department."
70,"Job Title: Senior Data Engineer, Community Operations  
Company: Amazon  

The Senior Data Engineer will support the Community Insights team within Amazon's Community Operations, focusing on Business Intelligence and Research & Applied Science. Responsibilities include developing data products, infrastructure, and data pipelines using AWS services such as Redshift, EMR, and Lambda, as well as internal tools like Datanet and QuickSight. The role involves building machine learning operations (MLOps) for automated LLM modeling and data refreshes, creating new data models, and leading design reviews. Required qualifications include over 5 years of experience in data engineering, database engineering, or business analytics, proficiency in data modeling, warehousing, ETL pipeline construction, SQL, and at least one programming language (Python, Java, Scala, or NodeJS). Preferred qualifications include experience mentoring, operating large data warehouses, and familiarity with AWS tools like CloudFormation and SageMaker Model Registry. The position is based in Bellevue, WA."
71,"Job Title: Lead Java Fullstack Developer  
Company: Photon  

The Lead Java Fullstack Developer is responsible for leading the design, development, and implementation of software applications. Key responsibilities include providing technical leadership and mentorship to the development team, evaluating new technologies, and collaborating with cross-functional teams to define technical requirements. The role involves backend development using Java, Spring Boot, Cassandra, Oracle SQL, and Kafka, as well as frontend development with Vue.js and Freemarker Web Components. Project management tasks include coordinating with product managers, planning development tasks, tracking progress, and mitigating risks. Required qualifications include a Bachelor's degree in Computer Science or a related field, over 10 years of experience in full stack development with a focus on leadership, strong proficiency in backend and frontend technologies, experience with microservices architecture and cloud platforms (e.g., AWS, Azure), and excellent communication skills."
72,"Job Title: Junior Network Engineer  
Company: Insight Global  

Responsibilities include designing, configuring, installing, administering, testing, and maintaining software and hardware for servers, switches, routers, and firewalls. The role involves responding to and resolving server and network device issues, providing technical support to the IT HelpDesk, and addressing tickets using IssueTrack. Key tasks include applying patches for security and upgrades on Windows 2000/2003 servers, Exchange 2007 servers, and personal computers, as well as monitoring backup systems using Veritas Backup Exec. Candidates should have 4 years of experience configuring routers and switches, familiarity with ticketing systems, a strong understanding of subnets, and experience in software implementation and backups. A valid driver’s license is required. Preferred qualifications include a Bachelor’s degree in information technology or a related field, CCNA certification, and Microsoft MCNA or MCSE certification."
73,"Job Title: Software Engineer, Full Stack - Product  
Company: Adept  

Responsibilities include developing new products, features, and user experience (UX) approaches for the Adept Agent to enhance customer productivity. Collaboration with Research, Product, Design, and Go-To-Market (GTM) teams is essential to understand customer needs and iterate based on feedback.  

Required technical skills include 6+ years of software engineering experience, proficiency in TypeScript and JavaScript, and experience with frontend frameworks such as React and Nest.js, as well as backend development. Strong communication and collaboration skills, a focus on UX, and a passion for scalable, well-tested software development are necessary.  

Adept utilizes cutting-edge research in foundation models and agents to build enterprise software aimed at solving real business problems. The role is situated in the technology sector, specifically within AI and software development.  

Compensation includes a salary range of $175,000 - $350,000 per year, equity packages, and a comprehensive benefits plan including medical, dental, and vision insurance, unlimited vacation, remote work options, and parental leave."
74,"Job Title: Software Engineering Manager II, TV Assistant  
Company: Google  

Responsibilities include managing engineering teams, setting priorities aligned with organizational goals, developing technical vision and roadmaps, and overseeing the design and development of systems. Required qualifications include a Bachelor’s degree or equivalent experience, 8 years in software development with languages such as Python, C, C++, Java, or JavaScript, 8 years in embedded development, and 3 years in a technical leadership role, including 2 years in people management. Preferred qualifications involve 10 years in software engineering, experience with web services or mobile client software, familiarity with A/B testing, user research, voice assistants, and smart home devices, as well as strong analytical skills. Technologies and methodologies used include information retrieval, artificial intelligence, natural language processing, distributed computing, and large-scale system design. The role focuses on enhancing user experiences with Google Assistant on televisions, contributing to product strategy, and managing large-scale projects across multiple sites. Compensation includes a base salary range of $189,000-$284,000, plus bonus, equity, and benefits."
75,"Job Title: Senior Citrix Systems Engineer  
Location: Santa Clara, CA  
Duration: 6 months contract to hire  

Responsibilities include managing and administering Citrix XenDesktop, Windows Server 2016 and 2019, Active Directory (AD), and Domain Controller Administration, including DNS and GPO management in a multi-site environment. Required skills include expertise in Citrix, script automation, and experience with Microsoft products such as Exchange, SharePoint, and SQL, as well as managing migrations to O365 Cloud. Proficiency in virtualization technologies, including VMware Vcenter and Hyper-V, is essential. Knowledge of automation scripting using Windows Server PowerShell and MS Exchange Cmdlets is required. Familiarity with NAS/SAN storage, replication, load balancing, and LAN/WAN technologies is necessary. The role involves vendor collaboration for upgrades and installations, troubleshooting, and enhancing infrastructure, including VDI and Citrix ADC Load balancers. Experience with Jira Software and Confluence for workflow management is also required. The position demands the ability to work in a fast-paced IT environment, focusing on research, design, deployment, and maintenance of email services, Windows servers, and related IT operations, including the development of standards and SOPs for support and operations."
76,"Job Title: Senior Site Reliability Engineer  
Company: Atlassian  

The Senior Site Reliability Engineer (SRE) is responsible for enhancing the performance and reliability of services, addressing root causes of incidents, and reducing incident rates. Key tasks include automating repetitive work, responding to system alerts, and participating in an on-call rotation to meet service-level agreements (SLAs). Required technical skills include proficiency in Bash and Python, experience with enterprise monitoring solutions, and familiarity with Linux systems. The role involves building and maintaining infrastructure in Amazon Web Services (AWS), engaging in capacity planning, and performing software performance analysis. Preferred qualifications include experience with configuration management tools (e.g., Ansible, Puppet), container management (e.g., Docker, Kubernetes), and understanding ITIL terminology. Knowledge of continuous integration pipelines and compliance requirements (e.g., SOC2, FedRamp) is also advantageous."
77,"Job Title: Principal Software Engineer (C++) at Oracle. Responsibilities include designing, coding, debugging, and delivering analytic features in C++ for a scalable, distributed, multithreaded analytics platform for both Oracle Cloud and on-premise environments. Key tasks involve creating formal design specifications, collaborating with Product Management, adhering to coding standards, maintaining communication with project teams, and ensuring software quality through established standards and QA procedures. Required qualifications include a BS/MS in Computer Science or a related field, proficiency in C++ (including templates, STL, and object-oriented patterns), understanding of SQL and relational data processing, experience with multithreaded applications, and knowledge of data structures and operating systems. Familiarity with Agile/Scrum methodologies and source control tools like GIT is preferred. Experience in Business Intelligence, OLAP, data warehousing, and multidimensional databases is desirable. The role may require compliance with immunization and occupational health mandates for certain US customer-facing positions."
78,"Job Title: Senior Software Engineer, Project Starline at Google. Responsibilities include writing and testing product or system development code, participating in design reviews, reviewing code for best practices, contributing to documentation, and debugging product or system issues. Required qualifications: Bachelor’s degree or equivalent experience, 5 years in software development with data structures/algorithms, 3 years in testing/maintaining software products, and 1 year in software design/architecture. Preferred qualifications: Master’s degree or PhD in Computer Science or related field, 1 year in a technical leadership role, and experience in developing accessible technologies. Technologies and methodologies include information retrieval, distributed computing, large-scale system design, networking, data storage, security, artificial intelligence, natural language processing, and UI design. The role involves collaboration with Google Workspace and Research teams within a fast-paced product-oriented environment, focusing on Project Starline, which combines hardware and software to enhance remote communication. Salary range: $161,000-$239,000, plus bonus, equity, and benefits."
79,"Job Title: Business Data Analyst  
Core responsibilities include gathering and documenting business requirements, performing source to target mapping, and translating business requirements related to location data (such as building, occupancy, traffic, and persons) into structured mappings for data product development. Required technical skills include proficiency in SQL for running queries and understanding database structures. Experience with AWS and Databricks is preferred, with a focus on independently working on data products."
80,"The Senior Network Engineer position at Marvin, based in Eagan, MN, involves maintaining and administering the company's IT networks, focusing on SDWAN (Meraki) and Network Security/Firewalls (Palo Alto). Responsibilities include designing solutions for infrastructure initiatives, providing technical direction, collaborating with stakeholders to analyze requirements, implementing network security measures, and monitoring network performance. The role requires expertise in network security, firewalls, network segmentation, and enterprise-level networking across multiple locations. Candidates should possess a Bachelor's degree in IT networking or a related field, along with at least 3 years of experience in network engineering, specifically with firewall, LAN, and WAN technologies. Proficiency in network routing protocols, firewall configuration, and the ability to create network diagrams and documentation are essential. The position may require flexibility in work hours and provides 3rd level support as needed."
81,"Job Title: Frontend Developer  
Location: Pittsburgh, Pennsylvania (Hybrid)  
Duration: 12 Months Contract  

Core responsibilities include gathering requirements, developing, unit testing, and deploying both maintenance and new features for a client in the ETF sector. Required technical skills include proficiency in Angular (most recent versions 13 and 17) and RXJS, with a focus on asynchronous programming. The role demands effective communication skills and the ability to evaluate resources based on problem-solving capabilities in production environments."
82,"Job Title: MilComm Systems Engineer, Principal  
Company: MITRE  

The Principal MilComm Systems Engineer will engage with U.S. Government leadership in satellite communications and related fields, focusing on Tactical, Strategic, Narrowband, and Futures MilComm mission areas. Responsibilities include performing system engineering trade studies, analyzing systems and requirements, evaluating technologies, and proposing integration actions and modifications. The role requires a minimum of 10 years of experience in systems engineering, particularly in satellite communications, space data transport, and cyber security, along with a Bachelor’s degree in Electrical or Computer Engineering, Computer Science, or related fields. Key technical skills include expertise in satellite communications system design, command and control, link budget analysis, and risk assessment. The position necessitates strong communication skills for diverse audiences and the ability to foster partnerships across industry, academia, and government. An active U.S. government Top Secret clearance is required, with the ability to obtain a TS/SCI clearance within one year. The role is hybrid, requiring at least 50% on-site work. Salary range is $167,500 - $251,500 annually."
83,"Software Engineer position at Rose International in Mossville, IL, focusing on software application support for a large user base. Responsibilities include software application configuration, testing, troubleshooting, and user training. Required technical skills include proficiency in programming languages such as Python, Perl, and JavaScript, along with technical support experience and software testing capabilities. Familiarity with cybersecurity practices, particularly user authentication, is desired. A Bachelor's degree in Computer Science, Computer Information Systems, or a related technical field is required, with a minimum of 2 years of experience preferred, though new graduates may be considered. The role involves daily interaction with lead engineers and application users to gather requirements and manage software applications. The work environment is a shared cubicle office, with a hybrid model requiring in-office presence at least three days a week."
84,"Job Title: Senior Software Developer  
Company: Patent Bots®  
Responsibilities include developing and maintaining products focused on user experience, writing code, documentation, and tests, and ensuring security and cloud best practices. Required technical skills include proficiency in Python (5+ years), experience with pytest for testing, Git for version control, HTML, CSS, Flask, and JavaScript/jQuery. Familiarity with deploying applications on Google Cloud or AWS is necessary. The technology stack includes PaaS platforms like App Engine and Elastic Beanstalk, with a backend primarily in Python/Flask and frontend enhancements using JavaScript/jQuery. The role involves working closely with the CEO, who is also a patent attorney, on products that automate tasks for patent attorneys, such as proofreading tools and drafting automation. Desired skills include understanding UX design principles, experience with data science, machine learning (e.g., PyTorch, spaCy), web scraping, and familiarity with patents. The position is remote and open to qualified U.S.-based candidates. Salary range is $125k-$175k with potential stock options. Applications are accepted via a specified Google Forms link."
85,"Job Title: Financial Data Analyst  
Company: SkyWater Search Partners  
Posted: April 11, 2024  

Responsibilities include performing data queries, conducting data analysis, gathering requirements, and translating data needs and finance workflows for the finance team, including the CFO and COO. Required skills include 5+ years of experience in finance, proficiency in SQL, Tableau, and Microsoft tools, along with strong problem-solving and critical thinking abilities. The role involves working collaboratively across multiple teams to develop dashboards and reporting. The position is full-time and requires a hybrid work arrangement in central Minnesota. A Bachelor’s degree in Business, Finance, or a related field is preferred. The company is unable to provide sponsorship."
86,"Job Title: Data Analyst  
Company: PrimePay  

The Data Analyst is responsible for managing data analysis projects, developing and implementing data standards, and ensuring data integrity. Key tasks include collaborating with stakeholders to define project scope, implementing automation tools for data extraction and validation, overseeing database management, and monitoring data quality. Required technical skills include proficiency in Python, R, SQL, and business intelligence tools such as Tableau, Power BI, or QlikView. The role involves designing dashboards, performing statistical analysis, and applying data mining techniques to derive insights from large datasets. A Bachelor’s degree in a quantitative field and 0-2 years of relevant experience are required. Familiarity with statistical software (e.g., SPSS, SAS) and general data analysis tools (e.g., Excel, Google Sheets) is also necessary. The position supports various business functions by integrating data analytics and providing ad hoc analysis to address urgent business needs."
87,"The Senior Python Developer role at Idexcel in McLean, VA, involves developing applications using Python and Flask, creating REST APIs, and utilizing libraries such as Pandas and SQLAlchemy. The position requires proficiency in SQL, specifically with MSSQL or any RDBMS, including table design and performance tuning. Basic knowledge of Core Java and Flyway is also necessary. The developer will implement authentication and authorization mechanisms, specifically token-based systems. Experience with Docker and Jenkins for CI/CD processes is required, along with familiarity with Agile methodologies. Testing responsibilities include unit testing and using pytest. The position is hybrid and intended for local candidates."
88,"Job Title: WORDPRESS E-COMMERCE Web Developer  
Company: WJ Media Group LLC  

The Web Developer will perform back-end and front-end web development tasks, including programming, web design, and creating responsive websites. Required technical skills include proficiency in WordPress, WooCommerce, and Elementor, as well as back-end web development and programming skills. Front-end development skills must include HTML, CSS, and JavaScript. The role necessitates strong problem-solving and troubleshooting abilities, along with experience in eCommerce platforms. Effective communication and collaboration skills are also essential. This is a part-time, on-site position at a digital agency specializing in creative design and solutions for small businesses."
89,"Job Title: Java Developer  
Location: Pittsburgh, PA  
Duration: 12+ Months Contract (W2)  

Responsibilities include leading the technical design, development, and documentation of cross-functional, multi-platform distributed application systems, analyzing and documenting requirements for data and workflow, and ensuring application performance through coding, testing, and implementation. Required skills include 8+ years of software development experience, extensive knowledge of Java, Angular, Spring Boot, Microservices, and experience with distributed applications. The role involves system analysis, development, and troubleshooting, as well as planning and executing jobs independently. Candidates must have prior lead experience with vendor-specific methodologies and consulting experience with structured methodologies. Responsibilities also include reviewing and repairing legacy code, developing new programs, testing for accuracy, and documenting code throughout the development process."
90,"Job Title: Solutions Architect - Kinaxis  
Company: Genpact  

The Solutions Architect for the Supply Chain Service Line at Genpact is responsible for collaborating with clients to address supply chain and operational challenges, designing and implementing solutions using the Kinaxis RapidResponse platform. Key tasks include conducting business process analysis, advising on architectural decisions, producing technical architectures, developing system requirements, and managing project timelines. Required skills include experience with Kinaxis RapidResponse, functional knowledge of supply chain processes (e.g., demand planning, S&OP), and familiarity with ERP systems such as SAP and Oracle. Proficiency in systems integration, ETL tools, and data mapping is advantageous. A bachelor's degree in computer science, engineering, or supply chain management is preferred. The role requires effective communication, analytical thinking, and the ability to work in a fast-paced environment, with travel to client locations expected to be 25-40%."
91,"The Research Data Analyst position at the University of California, San Francisco (UCSF) involves collaborating with the Principal Investigator on NIH-funded projects aimed at enhancing hospice care for racially and ethnically minoritized older adults with Alzheimer's Disease and Related Dementias. Responsibilities include data analysis and synthesis of qualitative research, managing the Atlas.ti database, manuscript writing, project planning, participant recruitment, and community engagement. Required qualifications include a Bachelor's degree and one or more years of relevant experience, proficiency in qualitative data analysis, and strong communication skills. Preferred qualifications include a Master's degree in a relevant field, experience with health equity, hospice care, and community-based research, as well as familiarity with qualitative analysis software. The role requires discretion in handling sensitive data and the ability to work with diverse populations. The position is full-time, contract-based for two years, based at UCSF's Mission Bay campus, with a standard Monday to Friday schedule."
92,"Job Title: Network Engineer  
Company: Leidos  

Responsibilities include network management from design to implementation, maintenance, and upgrades; analyzing design specifications; implementing communication system requirements; troubleshooting network issues; and recommending modifications to network components. Required tasks involve conducting incident investigations, documenting workarounds, applying OS updates, installing and configuring hardware/software, analyzing system logs, performing backups, monitoring performance, and maintaining system diagrams and documentation. The role requires configuration and maintenance of security devices (firewalls, IDS), telecommunications systems (POTs, VoIP, VTC, VSAT), and conducting system-level testing. Qualifications include five years of experience in network engineering, a bachelor's degree in a technical discipline (or equivalent experience), and a TS/SCI w/Poly security clearance. Required certifications include Network+, CCNA Routing and Switching, CCNA Security, CCNA Video, or CCNA Voice. Technologies and methodologies used include network monitoring tools, telecommunications systems, and security protocols."
93,"Job Title: Data Engineer  
Company: Titan America  
Location: Roanoke, Virginia  

Responsibilities include designing, developing, and maintaining scalable data pipelines for extracting, transforming, and loading data from various sources, collaborating with cross-functional teams to identify data needs, developing and implementing data models, ensuring data security and privacy, monitoring and optimizing data pipeline performance, and documenting data processes and storage solutions.  

Required qualifications include a Bachelor's degree in Computer Science, Computer Engineering, or a related field, and a minimum of five years of experience as a Data Engineer or Software Developer. Essential technical skills include hands-on experience with data warehouse and transformation solutions such as Domo or Snowflake, proficiency in at least one scripting language (Python, JavaScript, or R), understanding of data modeling, integration, and quality processes, and familiarity with cloud platforms (AWS, Azure, or Google Cloud Platform). Full Stack Software Development experience is preferred but not mandatory."
94,"Job Title: Data Scientist/Machine Learning Engineer (Associate) at Valor Equity Partners. Responsibilities include developing features and machine learning models to support investment decision-making, collaborating with machine learning and software engineers to build, deploy, monitor, and maintain models, and translating project requirements into technical specifications. Required qualifications include a B.S. and/or M.S. in Computer Science, Applied Mathematics, Statistics, or a related field, with at least 2 years of experience in machine learning, data science, or statistical modeling. Proficiency in Python and SQL, including libraries such as Pandas, Scikit-Learn, PyTorch, and TensorFlow is essential. Experience in time-series modeling, graph-based modeling, supervised learning (especially XGBoost and LightGBM), and Natural Language Processing (including LLMs) is required. Additional preferred skills include experience with deploying and monitoring machine learning models, Docker, cloud platforms (AWS, Azure, GCP), modern data pipelines, and big data processing (Spark, PySpark, Scala, Dask). The tech stack includes React with Hooks, Material UI for frontend, Python and FastAPI for backend, and tools such as Google Cloud Platform, PostgreSQL, Firestore, BigQuery, Elastic Search, Prefect, Kafka, and dbt for data management."
95,"Job Title: Senior Software Engineer  
Company: Heritage Grocers Group  

The Senior Software Engineer is responsible for architecting, designing, and developing functions for supply chain systems, including integrations with third-party applications and APIs. Key tasks include estimating development efforts, participating in code reviews, maintaining existing functions, troubleshooting issues, and delivering technical specification documents. Required technical skills include over 6 years of software development experience, proficiency in C# and .NET Framework, and familiarity with Azure Datalake development. Experience with ERP systems (Finance, Retail, Warehouse Management, Business Intelligence, HRM, Merchandising), MS SQL Server (2008+), and full SDLC in an agile environment is essential. Knowledge of GitHub, Azure DevOps, Microsoft Dynamics AX or D365, and reporting tools like Power BI or Tableau is preferred. The role involves gathering business requirements, creating documentation, optimizing operational processes, and providing user support. Strong problem-solving skills, the ability to work independently and in a team, and effective communication are necessary. The position requires regular attendance, and the work environment is typical of an office and retail store, with physical demands including the ability to lift over 50 lbs. The salary range for this position is $135,000-$150,000, influenced by location, skills, and experience."
96,"Job Title: Staff Software Engineer  
Location: Bellevue, WA  
Core Responsibilities: Design, develop, and implement digital solutions for Walmart's People Technology team, focusing on scalable systems that address business problems. Collaborate with cross-functional teams to understand business requirements, draft technical specifications, and perform design and code reviews. Create and enhance applications and services across the technology stack, from front-end to back-end.  

Required Technical Skills: Minimum 8 years of experience in building highly available systems. Proficiency in cloud technologies, particularly Azure, including architecture, storage, security, and migration. Experience with CI/CD practices, backend programming languages (Java, Python, Node.js), GraphQL, data pipelines, and third-party integrations via APIs. Advanced knowledge of design patterns, data structures, algorithms, unit testing, and Test Driven Development (TDD).  

Technologies and Methodologies: Cloud architecture and deployments, CI/CD, backend languages (Java, Python, Node.js), GraphQL, data pipelines, APIs, design patterns, and TDD.  

Industry Context: The role is situated within Walmart Global Tech's Enterprise People Technology team, which supports the deployment and adoption of new technology solutions for Walmart associates, impacting millions globally."
97,"Job Title: Full Stack .NET Developer  
Location: Cincinnati, OH  
Core Responsibilities: Develop and maintain scalable software solutions integrated with the Microsoft technology stack; collaborate in a team environment through daily standups, project reviews, and code discussions; engage in all software development phases from design to implementation and maintenance; utilize Azure DevOps for CI/CD processes; ensure high performance and responsiveness of .NET applications.  
Required Skills: Proven experience as a Full Stack Developer in a .NET environment; strong proficiency in .NET Core, Azure cloud services, SQL Server, Visual Studio, and Git; familiarity with Agile development methodologies; excellent problem-solving skills; ability to work with minimal supervision.  
Technologies: .NET Core, Azure, SQL Server, Visual Studio, Git, Azure DevOps.  
Industry Context: Software development within an Agile framework."
98,"Job Title: Senior Product Designer  
Company: Puck  

Responsibilities include conducting user research, designing solutions, and improving the product by identifying customer problems. The role involves creating wireframes, detailed visual designs, interactive prototypes, and high-fidelity mock-ups. Additionally, responsibilities encompass developing brand identity through social assets, sales decks, and marketing materials. Required skills include proficiency in Figma and other product development tools, understanding of visual design principles (layout, typography, color), time management, multitasking, creativity, problem-solving, and the ability to prototype ideas. Candidates should have 5-8 years of professional design experience and a portfolio demonstrating visual and interaction design skills. The position is based in the San Francisco Bay Area and offers a hybrid work culture. Salary ranges from $140,000 to $165,000 annually, with benefits including medical, dental, vision insurance, paid parental leave, and a learning budget."
99,"Job Title: SQL Data Engineer - W2  
Company: Planet Technology  
Remote position requiring GC/EAD/US Citizenship; C2C not accepted. Responsibilities include developing and maintaining scalable data models in Snowflake, implementing data transformations using DBT, and collaborating with data engineers and analysts to address data needs. Key tasks involve optimizing Snowflake configurations and DBT models for performance, troubleshooting data pipeline issues, participating in code reviews, and documenting data processes. Required skills include 8+ years of experience with relational databases, SQL, and stored procedures, along with advanced SQL knowledge and familiarity with various databases. Candidates should have at least 3 years of experience with Snowflake and DBT, including building data warehousing solutions and developing data transformations. Experience with SAP ECC, Salesforce systems, and SnapLogic for ETL/ELT is preferred, as well as prior work with SAP HANA. Agile project planning and execution experience is also necessary."
100,"Job Title: Senior IT Systems Engineer  
Company: KBI Biopharma  

The Senior IT Systems Engineer is responsible for supporting and managing IT infrastructure both on-premises and in the cloud, focusing on server management, network communications, and security at the enterprise level. Key tasks include resolving complex issues, monitoring infrastructure performance, implementing process improvements, task automation, leading support and maintenance, participating in project planning, and maintaining relationships with internal teams and vendors. Required qualifications include a BS in Computer Science (MS preferred) and 5 to 8+ years of experience in enterprise network environments, cloud services, and enterprise storage. Essential technical skills include administration of operating systems, networking, virtualization, backup and recovery solutions, and familiarity with Amazon AWS, Azure, Windows and Linux OS, enterprise databases (MS SQL, Oracle), Microsoft 365, Active Directory, VMware vCenter, and enterprise monitoring tools (e.g., Nagios). Preferred skills include DLP solutions, wireless networking, disaster recovery solutions, and knowledge of networking technologies such as SD-WAN and firewalls. Salary range is $115,000 to $150,000 per year."
101,"Job Title: Senior Java Software Engineer  
Location: McLean, Richmond VA  
Duration: 12+ month Contract  
Core Responsibilities: Develop and maintain Java applications with a focus on backend development, transitioning to frontend work as the project progresses. Engage in database interaction, API layer development, and UI work using JavaScript and micro frontend architecture. Collaborate with existing teams and contribute to the pay reconciliation workstream.  
Required Skills: 12-15 years of experience for lead roles (3-5 years in a leadership capacity) or 8-10 years for developer roles. Strong proficiency in Java (8+ years), AWS (5+ years), and JavaScript/TypeScript. Experience with Node.js, database connectivity, and frameworks such as Vue 3, React, or Angular. Familiarity with CI/CD processes, Terraform, and Kafka.  
Technologies: Java, AWS, JavaScript, Node.js, Vue 3, React, Angular, CI/CD, Terraform, Kafka.  
Industry Context: Experience with Capital One is mandatory. Agile development environment.  
Additional Requirements: Candidates must be local to Virginia, possess a valid visa (H1B, USC, GC), and have an updated LinkedIn profile. Strong communication skills are essential."
102,"Position: .NET Developer  
Location: Hybrid – Des Moines, IA or Cedar Rapids, IA  
Job#: 2019543  

Responsibilities include designing and coding new features or modifications in large financial and billing applications, as well as resolving and supporting production issues. Required technical skills include .NET Core, .NET 4, REST API, and SQL Server. Experience in production support is essential. Preferred skills include familiarity with Azure cloud and service broker or messaging queue technologies. The role is within the financial services industry."
103,"Job Title: Dotnet Developer  
Location: Remote, USA  

Responsibilities include designing, developing, and maintaining .NET applications, implementing performance and quality modules, collaborating on new feature development, identifying and resolving bottlenecks and bugs, integrating data storage solutions, and ensuring security and data protection. Required technical skills include strong proficiency in .NET framework, .NET Core, and C# programming, experience with Microsoft SQL Server and Entity Framework, and proficiency in ASP.NET MVC and Web API for web application development. Knowledge of front-end technologies (JavaScript, HTML5, CSS3) and understanding of Agile methodologies are advantageous. Familiarity with Azure or AWS cloud services and code versioning tools like Git is also preferred. Candidates should have 3+ years of professional experience in .NET development, demonstrating the ability to develop scalable software applications and experience in full lifecycle software development and deployment."
104,"Job Title: Senior UX Designer  
Company: WHOOP  

The Senior UX Designer will enhance user experience for WHOOP's mobile applications on Android and iOS platforms. Responsibilities include designing user-friendly interfaces, creating wireframes and prototypes, utilizing qualitative and quantitative data for design decisions, conducting A/B testing, and collaborating with product management, visual design, and engineering teams. Required skills include proficiency in design tools such as Figma, experience in mobile app design, and a strong portfolio demonstrating A/B testing and UI component library development. The role emphasizes a user-centric design approach, effective communication, and the ability to thrive in a fast-paced environment. A background in the fitness and wellness industry is preferred. This position is based in Boston, MA, and relocation may be necessary."
105,"Job Title: Support Data Engineer  
Company: Rose International  
Location: Tampa, FL, USA  
Employment Type: Temporary (7 months)  
Hourly Rate: $60.00 - $70.00  

Core responsibilities include providing application support, monitoring dashboards and data quality exception reports, investigating and resolving data issues, and coordinating resolutions in upstream systems. The role involves executing solutions such as data quality reporting and automating data quality monitoring. Required skills include 4 to 8+ years of experience in automation, data management, data quality, and financial or regulatory reporting; proficiency in ETL/ELT tools like Abinitio, Informatica, and DataStage; experience with relational and non-relational data stores; Python programming; and shell scripting in a Unix environment. Understanding of database performance concepts such as indices, segmentation, projections, and partitions is also necessary. The role requires supporting data warehouse batch processes, optimizing infrastructure, maintaining high-quality data through ingestion, validation, transformation, enrichment, mapping, and storage, and improving observability across data infrastructure. Collaboration with teams to deploy scalable tooling for analysis and support for changes to data is essential."
106,"Job Title: Data Scientist - Transformers  
Contract Duration: 12+ Months  
Location: 100% Remote  
Core Responsibilities: Train and evaluate transformers, specifically BERT and its derivatives.  
Required Technical Skills: Strong experience with Transformers, proficiency in Python, pyTorch, Linux, Docker, Kubernetes, and Jupyter.  
Expertise: Deep Learning, Transformers, Natural Language Processing, Large Language Models.  
Preferred Skills: Experience with genomics data and molecular genetics; familiarity with distributed computing tools such as Ray, Dask, and Spark.  
Experience Requirement: Minimum of 8 years in a relevant field."
107,"The Senior UX/UI Designer at Applied Medical is responsible for leading design strategy, mentoring junior designers, conducting user research, usability testing, and crafting wireframes and prototypes using tools such as Figma. The role involves collaborating with cross-functional teams, including Front-end and Back-end developers, Business Analysts, and Project Managers, to translate business goals into user-centered design solutions. Key skills required include proficiency in design tools (Figma, Visio, LucidChart), a strong understanding of UX/UI principles, familiarity with HTML and CSS, and experience with Agile methodologies. The position focuses on developing design systems, maintaining UI pattern libraries, and managing multiple design projects while ensuring high-quality standards. The role is situated within the medical device industry, emphasizing the creation of innovative enterprise applications that enhance internal processes and user experiences."
108,"Job Title: Cloud Engineer  
Core responsibilities include leading the development of Documentum-based solutions and managing migration to AWS. Required technical skills include expert-level Java/J2EE experience and familiarity with Documentum technology, specifically DFC, DQL, and D2 configurations. The role demands lead-level experience and the ability to contribute ideas for solutions. Technical screening is necessary prior to candidate presentation. Technologies and frameworks involved are primarily related to Documentum and AWS."
109,"Job Title: Distinguished Software Engineer  
Company: Walmart Global Tech  

The role involves designing and building fault-tolerant infrastructure for large-scale training tasks and serving large machine learning (ML) models in a public cloud environment. Responsibilities include producing technical roadmaps, consulting on objectives, reviewing designs, and driving engineering investments for Core ML. The engineer will develop applications utilizing large language models (LLMs) and foundation models (FMs), implement MLOps capabilities, optimize AI algorithms, and collaborate with cross-functional teams to align AI systems with regulatory standards. Required skills include extensive experience in distributed computing, HPC, and ML systems, proficiency in Python or C/C++, and familiarity with open-source AI/ML frameworks and public cloud platforms. Preferred qualifications include a Master's or PhD in a related field, experience with cloud environments (e.g., Azure, GCP), GPU cluster architecture, and knowledge of the complete stack for distributed training. Familiarity with GenAI technologies, VectorDBs, and contributions to research publications or open-source projects in neural networks and distributed training is also advantageous."
110,"Job Title: Site Reliability Engineer  
Company: TEKsystems  

Responsibilities include implementing application infrastructure and deploying automation for applications in Azure cloud and legacy systems. The role involves collaborating with other Site Reliability Engineers to provide 24x7 application support, ensuring high availability, resilience, and performance of applications. Key tasks include monitoring system health, optimizing system performance, enhancing observability using platforms like Splunk and AppDynamics, and ensuring 99.9% availability for on-premise and cloud applications. The position requires improving operational processes and addressing gaps for smooth operations.  

Required technical skills include experience with Azure, Puppet, Ansible, and automation tools. Additional qualifications include familiarity with incident and problem management processes, troubleshooting, web development, JEE, JMS, JDBC, and suggesting application enhancements to meet SLO/SLI/SLA criteria. Proficiency in GitLab templates, CI/CD pipelines, Git-flow, and implementing static and dynamic code testing for secure production code is preferred."
111,"Job Title: Python Developer - Sr  
Location: Plano, TX - Hybrid  
Duration: 6+ months  

Responsibilities include software development using test-driven development with Python and Golang, and building applications through a CI/CD pipeline focusing on maintainability and extensibility. Required technical skills include experience with build tools and container runtimes such as Jenkins and Docker, as well as hands-on API development using Python or Golang to automate tasks and enhance productivity at an enterprise scale. Familiarity with AWS is essential, specifically in building, configuring, and deploying applications using EC2, RDS, S3, ECS, and Lambda, ensuring resiliency and scalability."
112,"Job Title: Senior Software Engineer, Data Engineering - ThousandEyes at Cisco. Responsibilities include building an enterprise-wide machine learning and AI data platform, designing automated data pipelines, and developing ML-based applications to enhance productivity and the ThousandEyes product. Required technical skills include 5+ years in data engineering or software engineering, 3+ years with databases (e.g., Redshift, MySQL, MongoDB), dimensional data modeling, and big data technologies (e.g., Apache Spark, Kafka). Proficiency in Python, ETL tools (e.g., Airflow), and cloud data architectures (e.g., AWS EC2, S3) is essential. A BS/MS in a quantitative field or equivalent experience is required. Preferred qualifications include experience in SaaS, strong communication skills, and the ability to navigate ambiguity. The role supports cross-functional teams across various departments."
113,"Job Title: Software Engineer  
Duration: 18+ months  
Location: Fully remote, must work PST hours  
Target Pay Range: $85-93/hr  

Core Responsibilities: Compile, process, and analyze data from various sources to create Executive reports using Power BI for stakeholders in Finance, Content Production, and Operations. Build and maintain API and file-based integrations, write efficient code and database schemas, collaborate on cross-team projects, lead peer code reviews, and create workflow diagrams and documentation.  

Required Skills: 5+ years of experience in Golang, experience with REST APIs (JSON, XML, CSV), data ingestion and processing (structured and unstructured), Git or similar source control software, relational databases (PostgreSQL, MySQL, Microsoft SQL), SQL fluency, and prior experience with financial data.  

Technologies: Go programming language, PostgreSQL database, AWS infrastructure, Kubernetes, Docker, Power BI for frontend reporting.  

Education: BA/BS degree or equivalent experience.  

Team Context: Part of the Program Management & Enabling Technologies team, managing 400+ internal end users from over 20 data sources, with a team of 10 people including various roles such as Data Software Engineer, Power BI specialist, Data Product Manager, Project Manager, and QA Engineer.  

Benefits: Medical, dental, and vision insurance, HSA, FSA, DCFSA options, 401k with employer matching, and paid sick leave."
114,"The Senior Data Engineer at VySystems is responsible for managing and optimizing the organization's data infrastructure, ensuring data quality, and implementing data solutions using PySpark, DataBricks, Snowflake, and Redshift. Key tasks include developing and maintaining data pipelines, designing and optimizing data solutions for analytics and machine learning, administering cloud-based platforms for performance and scalability, and collaborating with cross-functional teams to meet data requirements. The role also involves implementing data governance policies, troubleshooting data issues, and mentoring junior team members. Required qualifications include a Bachelor's degree in Computer Science or a related field, a minimum of 5 years of experience in data management or engineering, strong programming skills in Python, and hands-on experience with DataBricks, Snowflake, and Redshift. Proficiency in data modeling, ETL processes, and data warehousing is essential. Preferred qualifications include certifications in relevant technologies, knowledge of machine learning techniques, and experience in the banking and payments domain."
115,"Job Title: Senior Staff Software Engineer  
Company: Kinetic  

Kinetic Automation focuses on developing automated repair centers for modern vehicles, emphasizing software and technology over mechanical complexity. The Senior Staff Software Engineer will design and deploy scalable cloud-based applications, manage machine learning operations with a focus on Natural Language Processing (NLP) and Computer Vision, and enhance document processing through AI-driven technologies. Key responsibilities include developing back-end processes for document manipulation, integrating machine learning algorithms, designing user-friendly front-end interfaces, and managing the full product lifecycle. Required qualifications include experience with large-scale cloud services, expertise in Python web frameworks (Django, Flask), knowledge of MVC/MVT architectures, RESTful API development, and proficiency in relational (PostgreSQL, MySQL) and NoSQL (MongoDB, Cassandra) databases. Familiarity with secure coding practices, experience with cloud service providers (AWS, Google Cloud Platform, Azure), and a strong background in maintaining machine learning projects are essential. The role demands exceptional analytical skills, problem-solving abilities, and effective communication for collaboration within a multidisciplinary team."
116,"Job Title: Java Backend Developer  
Location: Remote (Client based in Bethesda, MD)  
Responsibilities: Develop, implement, and maintain Java-based applications; design and develop efficient and scalable backend services; collaborate with cross-functional teams to define, design, and ship new features; debug and resolve technical issues; optimize applications for speed and scalability; participate in code reviews and provide feedback.  
Required Skills: Proficiency in Java and backend development; experience with AWS services; solid understanding of API development and integration; familiarity with database management systems; strong problem-solving skills; attention to detail; effective communication and teamwork abilities."
117,"Job Title: Cloud Software Engineer  
Company: Space Dynamics Laboratory  
Job ID: 18437  

Responsibilities include developing and deploying applications for cloud environments, utilizing an iterative software development methodology. Required qualifications include a Bachelor’s degree in computer science, data science, or engineering, with a minimum of 5 years of experience in software, data, or cloud systems (3+ years with a Master's degree). Candidates must have experience with cloud-native solutions, preferably AWS GovCloud, and an understanding of containerization, virtualization, networking, software design patterns, cloud architecture, and DevSecOps principles. Proficiency in developing APIs, using third-party APIs, and knowledge of security best practices are essential. Desired skills include expertise in data lakes, data warehousing, big data tools, and cloud infrastructure engineering. U.S. citizenship and the ability to obtain a U.S. Government security clearance are required. Some travel may be necessary."
118,"Job Title: Junior UX/UI Designer  
Company: KeyBank  
Location: 4910 Tiedeman Road, Brooklyn, Ohio 44144  

The Junior UX/UI Designer will produce designs for KeyBank's website, digital marketing, and social graphics, requiring skills in typography, layout, image usage, and branding. Responsibilities include image research and resizing, collaborating with senior team members for feedback, and working with writers, project managers, and the Marketing team. The role demands effective communication, problem-solving abilities, and the capacity to meet tight deadlines while ensuring brand consistency across digital and print media. Required technical skills include proficiency in Figma and/or Sketch, and Adobe Suite (Photoshop and Illustrator). Additional skills in HTML, CSS, InDesign, motion graphics, and MS Office are advantageous. A Bachelor’s degree in digital design, graphic design, visual communications, or a related field, along with 1-3 years of professional design experience, is required. The position is partially remote within the greater Cleveland area, with some in-person work at KeyBank's offices. Compensation ranges from $60,000 to $70,000 annually, with eligibility for short-term and deferred incentive compensation based on performance. A resume and digital portfolio link are required for application."
119,"Job Title: Python-Data Analytics - Senior Software Engineer  
Company: Fidelity Investments  
Job Description: The role involves developing end-to-end technology solutions for quantitative research, focusing on data sourcing, processing, and management. Key responsibilities include defining and implementing technology stacks, leading development efforts, and collaborating with quantitative analysts and researchers. Required technical skills include expertise in Python, Java, front-end technologies (JavaScript, Angular, Node.js, CSS, HTML), and database applications (Oracle, Snowflake). Experience with large-scale distributed applications, automated testing frameworks, and CI/CD pipelines (GIT, Jenkins, Artifactory) is essential. Familiarity with quantitative finance, statistical analysis, and investment securities is preferred. The position emphasizes clean, maintainable code and a test-driven development approach."
120,"Job Title: Systems Engineer / Quality Assurance Specialist  
Company: King Technologies, Inc.  
Core Responsibilities: Provide integration expertise for U.S. Navy network systems at the Navy Network Integration and Engineering Facility (NIEF) in San Diego, California. Support Government Acceptance Tests (GAT) and final quality assurance (QA) by supplying engineering drawings, addressing technical inquiries, and guiding production personnel. Oversee installation and modifications in the production lab and onboard ships, analyze and replace parts on equipment and network infrastructure. Utilize Configuration Management and product lifecycle tool (CMPRo) for installation materials, parts lists, inventory verification, and work order status.  
Required Technical Skills: Experience in troubleshooting, maintenance, repair, installation, and de-installation of electronic systems and components. Proficient with Fiber, LAN Data Cable Tester, Megger, and multimeter. Active DOD Secret clearance required; higher clearances accepted. Some experience in system administration (Microsoft or Linux preferred) and familiarity with VMware ESX and vSphere is desired.  
Technologies and Methodologies: Configuration Management, product lifecycle management, electronic systems integration, and network infrastructure support.  
Domain Context: Focus on U.S. Navy network systems and associated technologies."
121,"The Systems Engineer at Leidos will support multiple defense-related programs, including the Hypersonics Weapons Program and Enduring Shield Program, by engaging in systems engineering tasks throughout the design life cycle. Responsibilities include interfacing with program management and subcontractors, conducting requirements verification and tracing, developing technical documents, creating SysML models, and maintaining configuration management. Required qualifications include a Bachelor’s degree in a relevant engineering field and 2+ years of experience or a Master’s degree with less than 2 years of experience, along with the ability to work collaboratively in multi-disciplinary teams. Candidates must be U.S. citizens with a Final Secret Clearance or eligibility to obtain one. Preferred qualifications include experience with Cameo Systems Modeler or similar tools, technical document development, and familiarity with DoD, NASA, or DARPA programs. Certifications such as OCSMP or INCOSE SEP are also preferred."
122,"Job Title: Data Analyst  
Company: AbbVie  

Responsibilities include managing multiple projects, writing Business Requirements Documents (BRDs) and Technical Design Documents (TRDs), and ensuring compliance with corporate policies. The role involves data collection, correlation, and analysis using tools such as Informatica PowerCenter for ETL applications, as well as AWS services for end-to-end data pipelines. Key tasks include developing ETL mappings, implementing data ingestion pipelines with AWS SQS and Python, and utilizing Informatica MDM hub for design changes. The analyst will create technical documentation, conduct data warehouse and analytics development, and perform SQL, PL/SQL, and Unix Shell Scripting for data analysis and troubleshooting. Required skills include experience with data governance, reporting, and cloud technologies, alongside the ability to identify process improvements and collaborate with various departments. A Bachelor’s degree in Computer Science or a related field with 5 years of experience, or a Master’s degree with 2 years of experience in relevant areas is required. Key technologies include AWS, Informatica, SQL, and Python."
123,"Job Title: Senior AI Engineer

The Senior AI Engineer at Riverbed Technology is responsible for designing, developing, and implementing AI services, algorithms, and machine learning models, including training, testing, and evaluating these models for accuracy and scalability. Key tasks include developing and maintaining infrastructure for AI integration, monitoring AI solutions in production, and managing data pipelines to ensure data quality and security. Required skills include a Bachelor's or Master's degree in Computer Science, Artificial Intelligence, Engineering, or a related field; strong knowledge of machine learning algorithms, Natural Language Processing (NLP), and Generative AI; programming proficiency in C# .NET and experience with SaaS architecture, microservices, and RESTful APIs. Familiarity with cloud platforms (Azure, AWS, GCP) and big data frameworks (Spark, DataBricks) is preferred. The role involves collaboration with cross-functional teams and effective communication of complex technical concepts."
124,"Job Title: Software Engineer  
Company: DICE (EA Digital Illusions CE AB)  

The Software Engineer will implement and maintain tools and services to enhance software development efficiency and product quality within the Battlefield franchise. Responsibilities include optimizing the build production toolchain, advising on CI/CD practices, monitoring technical KPIs, and collaborating with various internal teams to formulate technical solutions and strategies. Required skills include over 5 years of programming experience, proficiency in source control systems (Git and/or Perforce), and at least 1 year of experience with cloud services (preferably AWS). High-level proficiency in scripting languages, particularly PowerShell and Python, is essential, along with excellent communication skills for maintaining documentation and collaborating with partner teams. The role supports the Technical Director in guiding junior team members and requires a generalist approach to software engineering. Technologies used include EA’s proprietary Frostbite engine and various cloud architectures."
125,"Job Title: Senior Software Engineer  
Company: CodeMonk  

Core Responsibilities: Lead the design, development, and deployment of Python-based applications and services; architect and implement scalable solutions; collaborate with cross-functional teams to gather requirements; mentor junior developers; conduct code reviews; optimize application performance; implement security best practices; stay updated with Python development trends.  

Required Technical Skills: Expertise in Python and its ecosystem; strong understanding of object-oriented programming and design patterns; proficiency in frameworks such as Django, Flask, or FastAPI; experience with relational (PostgreSQL, MySQL) and non-relational databases (MongoDB, Redis); knowledge of asynchronous programming; familiarity with cloud platforms (AWS, Azure, GCP); excellent problem-solving skills; effective communication and collaboration abilities.  

Technologies and Methodologies: Python, Django, Flask, FastAPI, PostgreSQL, MySQL, MongoDB, Redis, AWS, Azure, GCP.  

Domain Context: Focus on creating a platform for flexible tech talent management in a remote-first work environment."
126,"Job Title: Data Analyst-WA  
Company: ATC  
Responsibilities include gathering, analyzing, and documenting business requirements, with a focus on requirement gathering, writing user stories, and building roadmaps. Experience with Agile methodology and SDLC is required. The role involves preparing functional and detailed system design documents, effective communication across organizational levels, and demonstrating leadership and analytical skills. Responsibilities also encompass all phases of testing, including system, integration, and user acceptance testing, as well as creating use cases and test conditions. A Master’s Degree is required. The position is open to U.S. Citizens and authorized workers, with sponsorship available for eligible candidates on F1/OPT/CPT. Health insurance is provided at no cost."
127,"Job Title: Software Developer - Audio  
Company: Cliffhanger Games  

Responsibilities include developing advanced audio systems, tools, and pipelines to enhance audio experiences in a third-person, open-world action RPG. Collaborate with audio designers to integrate audio assets, implement sound effects, music, voiceovers, and interactive audio elements using Unreal Engine 5. Optimize audio systems for efficient resource usage while maintaining high-quality playback. Develop tools, scripts, and plugins for audio production workflows, and document audio systems and APIs for collaboration. Provide technical support and troubleshoot audio-related issues, maintain engine stability during updates, and engage in technical discussions and code reviews.  

Required skills include strong knowledge of audio processing, mixing, and playback systems, including interactive audio techniques and Wwise integration. Proficiency in Unreal Engine 5’s audio system and 3+ years of professional C/C++ experience with audio programming APIs such as FMOD or Wwise is essential. Experience in diagnosing complex audio issues and an appreciation for maintainable code is necessary.  

The role is situated within the video game industry, specifically focusing on action-adventure games. Compensation ranges vary by location, with base salaries in California from $140,700 to $204,700, New York from $125,300 to $204,700, and other specified ranges for New Jersey, Colorado, Washington, and British Columbia. Benefits include paid time off, sick time, medical/dental/vision insurance, life insurance, disability insurance, and a retirement plan, with eligibility for bonuses and equity in certain roles."
128,"Job Title: Python Developer with AI/ML  
Location: Charlotte, NC (Onsite)  
Job Type: Fulltime  
Visa: GC/GC-EAD/USC  

Responsibilities include implementing AI/ML solutions using Python, performing data analysis, and developing web applications. Required technical skills include strong proficiency in Python, experience with AI/ML libraries such as SciKit-Learn, Pandas, NumPy, and Matplotlib, as well as knowledge of relational databases and SQL. Familiarity with Django for web development, REST web services, and data visualization techniques using Tableau is also necessary. Candidates should have a minimum of 8 years of relevant experience."
129,"Job Title: Machine Learning Engineer (MLOps)  
Contract: 12+ months  
Client: Multi-billion dollar e-commerce/retail firm in Michigan  

Responsibilities include designing, implementing, and maintaining end-to-end machine learning pipelines for model training, validation, and deployment; collaborating with data scientists and engineers to integrate models into production; developing automation tools for the machine learning workflow; optimizing model performance using cloud and distributed computing; implementing monitoring solutions for model performance and data quality; managing model versioning and reproducibility; and providing technical guidance to junior team members.  

Required technical skills include expertise in Azure ML, Azure DevOps, Azure Container Apps, and programming in Python, Java, or Scala. Familiarity with containerization (Docker, Kubernetes), automation tools (JIRA, Ansible, Jenkins), and DevOps practices (CI/CD, IaC) is essential. Experience with version control systems (Git, GitLab, GitHub) and knowledge of software engineering best practices (TDD, code reviews) are also required. A bachelor's degree in computer science, engineering, mathematics, or a related field is necessary, along with strong problem-solving and communication skills. Relevant certifications in cloud computing are preferred."
130,"Job Title: Senior Machine Learning Engineer  
Company: Samson Rose  

Responsibilities include leading the development of clinically integrated therapy large language models (LLMs) for a mental health AI company, focusing on enhancing patient treatment outcomes under clinician supervision. Required skills include practical experience in product building and AI research, with a strong understanding of LLMs, model fine-tuning, and rapid prototyping of new models. Familiarity with reinforcement learning from human feedback (RLHF) and managing red-teaming efforts is advantageous. The role involves collaboration with founders and other engineers in a startup environment. Technologies and methodologies used include supervised fine-tuning and experimental model development. The company is focused on revolutionizing mental health care through AI, with an initial MVP already in the market. Visa sponsorship is not available."
131,"Job Title: Data Engineer II  
Company: Advantis Global (becoming INSPYR Solutions)  

The Data Engineer II role involves extracting, transforming, cleaning, and loading financial data into a data lake for use by software and business intelligence engineers. Responsibilities include meeting with business owners to formulate key questions, leveraging data from various sources, and presenting actionable insights to management. Required technical skills include 3-6 years of experience with database concepts, SQL querying, AWS Big Data services (Glue, Athena, Redshift, Lake Formation, Lambda), and proficiency in Python for data pipelines and processing logic. Familiarity with Oracle EBS and Agile PLM data is preferred. Experience with NoSQL data sources at scale and understanding financial reporting in Oracle EBS is a plus. The position is hybrid, requiring 3 days onsite and 2 days remote, and is based in the North Reading, MA or Boston, MA area."
132,"Job Title: Lead Automation Software Engineer  
Company: Wells Fargo  

The Lead Automation Software Engineer will support the Secure Network Services group, focusing on innovation within the Automation portfolio. Responsibilities include leading complex technology initiatives, developing standards and best practices for large-scale technology solutions, designing, coding, testing, debugging, and documenting projects, and analyzing technology solutions for business objectives. Required qualifications include 5+ years of software engineering experience, with 3+ years in scripting and automation using languages such as Python, Ansible, Perl, Golang, and R, as well as experience in reporting tools like Grafana, SharePoint, and PowerBI. Additional experience in modern application development, Java, and/or .NET is necessary, along with knowledge of DevOps principles and CI/CD pipelines. The position requires on-site work, and visa sponsorship is not available."
133,"Job Title: Senior Cloud Engineer  
Company: Equus Workforce Solutions  

The Senior Cloud Engineer is responsible for planning, designing, implementing, managing, and maintaining cloud infrastructure and services, ensuring reliability, security, and scalability of cloud-based solutions. Key tasks include collaborating with engineering and development teams to identify optimal cloud solutions, modifying existing systems, educating teams on new cloud technologies, managing Azure Subscription boundaries, developing modular cloud resources, and ensuring compliance with security policies. Required technical skills include experience with Azure, Office 365, CI/CD systems, automation tools (such as Azure Resource Manager, Terraform, Ansible), PowerShell, Azure CLI, and Kubernetes. Candidates should have at least 5 years of cloud computing experience, strong troubleshooting and analytical skills, and familiarity with networking, load balancing, firewalls, and enterprise/cloud-based PKI services. A degree in computer science or a related field is preferred, along with Azure certifications and experience in enterprise change/release management practices."
134,"Job Title: Business Intelligence Analyst (Power BI Analyst)  
Location: Los Angeles, CA (Remote, local candidates preferred due to occasional travel)  
Duration: 12 months with possible extension  

Responsibilities include building and maintaining dashboards and reports using Power BI, leading end-to-end implementations of Power BI solutions, and managing data acquisition and transformation processes. Required skills include at least 8 years of IT experience, proficiency in Power BI for data modeling, DAX, and creating interactive reports and visualizations. Candidates must have knowledge of Power BI administration tasks, data analysis concepts, and the ability to connect Power BI to various data sources. Familiarity with SQL for data querying and manipulation is necessary, as well as experience with other data visualization tools. Prior experience with State/Federal Government clients is preferred."
135,"Job Title: Azure DevOps Engineer  
Location: New York, NY (Hybrid/W2)  
Company: Platinum Enterprise Solutions, Inc.  

Responsibilities include modernizing existing DevOps processes, supporting Windows Server administration, configuring IIS Web servers, and migrating to Azure Web Apps. Required technical skills include proficiency in Microsoft Azure Cloud Services, cloud migrations, Git repositories, Azure DevOps (particularly Git and Boards), CI/CD tools (such as Octopus Deploy, TeamCity, Jenkins, Ansible, or Azure Pipelines), PowerShell, and SQL query language. Candidates should have experience with Azure SQL Database, centralized job scheduling tools, production support, and automated testing solutions for unit, integration, and system testing. Familiarity with AWS or GCP, Azure Kubernetes Service, and governance models for cloud-based infrastructure solutions is advantageous. A minimum of 7 years of experience as a senior-level DevOps Engineer is required."
136,"Job Title: Lead Software Engineer, Backend, International Solutions  
Company: Chick-fil-A Corporate Support Center  

The Lead Software Engineer will develop custom solutions for Chick-fil-A's International Technology Strategy, focusing on expanding operations in Canada, Puerto Rico, EMEA, and APAC. Key responsibilities include designing and building Proof-of-Concept solutions, specifying requirements, managing vendor relationships, and collaborating with partner engineering teams to ensure adherence to engineering standards and deadlines. Required technical skills include proficiency in back-end languages such as Golang, Java, or Ruby, experience with cloud-based solutions (AWS, GCP), and familiarity with agile methodologies, version control systems (preferably git), and solutions architecture for distributed systems. The role involves working within a DevOps model, necessitating both development and operational support, including off-hours availability. Minimum qualifications include 5 years of experience in shipping SaaS products, a Bachelor's degree in Computer Engineering, Computer Science, or a related field, and a proven ability to influence engineering culture. Preferred qualifications encompass experience leading teams, knowledge of TDD, CI/CD, and agile practices, as well as familiarity with AWS architecture, Edge Computing, and retail commerce solutions. Travel requirements are approximately 10%."
137,"Job Title: Azure Cloud Engineer  
Location: SFO or Cupertino, CA  
Responsibilities include creating infrastructure in Azure Cloud Service Provider (CSP) using Terraform and Azure DevOps (ADO), developing Infrastructure as Code (IAC) pipelines with GitLab runners, and collaborating with application teams to address ad-hoc requirements and troubleshoot platform issues. Required technical skills include strong knowledge of Microsoft Azure resources, Terraform, IAC pipelines, GitLab runners, Azure Virtual Machines (VMs), subscriptions, storage accounts, Azure Data Factory (ADF), Azure Key Vault (AKV), Azure Purview, Virtual Networks (VNETs), and subnets. The role involves converting ADO pipelines to Terraform IAC pipelines and requires hands-on experience in creating and resolving issues related to Azure services. This is a hybrid position, requiring in-office presence in SFO or Cupertino for three days a week."
138,"Job Title: Senior Software Engineer  
Company: CodeMonk  

Responsibilities include leading the development of robust and scalable applications using TypeScript, collaborating with cross-functional teams to translate business requirements into technical solutions, architecting maintainable codebases, mentoring junior developers, implementing best practices for code quality, optimizing application performance, and participating in architectural discussions. Required technical skills include proficiency in TypeScript, strong understanding of JavaScript frameworks (Angular, React, Node.js), experience with object-oriented programming and design patterns, knowledge of TypeScript tooling (Webpack, Babel), and familiarity with testing frameworks (Jasmine, Mocha, Jest). The role involves working in a remote-first environment with a focus on flexibility and collaboration."
139,"Job Title: Data Analyst - Financial  
Company: Frost  

The Data Analyst - Financial is responsible for analyzing complex financial data to support business initiatives, interpreting data using statistical methods, and presenting findings to management. Key tasks include extracting relevant data using SQL, creating reports to improve financial data collection processes, and collaborating with end users to ensure accurate information. Required qualifications include a Bachelor's degree in Business, Data Analytics, Statistics, or a related field, advanced SQL skills, experience with report writing systems, strong analytical and problem-solving abilities, and proficiency in Microsoft applications. Preferred qualifications include 2+ years of data analyst experience, familiarity with the banking industry, and knowledge of workflow process management or advanced analytics."
140,"Job Title: Python Developer  
Company: Idexcel  
Responsibilities include Python development with a focus on web frameworks such as Django, Flask, and Pyramid, along with J2EE. Required technical skills encompass 8 years of experience in J2EE and 6+ years in Python web frameworks, proficiency with Object Relational Mapper (ORM) libraries, and a deep understanding of Python's multi-process and threading limitations. Knowledge of front-end programming languages, including SQL, JavaScript, HTML, and CSS, is necessary. Experience in data integration from multiple sources and databases is also required."
141,"Job Title: Principal Software Engineer  
Company: UPMC  

Responsibilities include developing and delivering production-grade software in the healthcare domain, collaborating on software development efforts, collecting requirements, coding, documenting, and deploying to production systems. Key tasks involve understanding project requirements, architecture, and design, providing realistic estimates for on-time delivery, implementing high-quality code, participating in team development practices, and communicating project statuses to senior leadership. The role requires leading project priorities, collaborating on software projects, and ensuring product quality through adherence to approved architecture and design requirements.  

Required qualifications include a Bachelor’s Degree in Computer Science, Computer Engineering, Electrical Engineering, or a related field, with a preference for 12+ years of experience in complex development environments. Candidates must demonstrate the ability to translate abstract concepts into detailed software engineering plans, possess technical leadership experience, and manage complex production systems. Proficiency in programming languages, database programming and management, containerization development and deployment, and cloud-native solutions design (AWS, Google Cloud, Azure) is essential. Strong oral and written communication skills are necessary, along with experience in team-based environments and interaction within academic or research settings. Licensure includes Act 34 clearance."
142,"Job Title: Java Developer with Kafka  
Company: Swift Technologies Inc  
Location: New York, NY  

Responsibilities include software development, microservices architecture, and programming using the Spring Framework and Java. Required technical skills include proficiency in Java, Spring Framework, and Kafka, along with experience in Python and event-driven architecture. Knowledge of distributed systems and message queuing technologies is essential. Familiarity with cloud platforms such as AWS or Azure is also required. Candidates should possess strong problem-solving and analytical skills, as well as excellent communication and teamwork abilities. A Bachelor's degree in Computer Science or a related field is mandatory."
143,"Position: Staff Systems Engineer in Melbourne, FL at Northrop Grumman. Responsibilities include gathering requirements, developing prototype models, and architecting solutions for Multi-Domain Command and Control (MDC2) programs, with a focus on the U.S. Navy's E-2D Hawkeye aircraft. Key tasks involve supporting the full development life cycle of complex DoD aircraft, including requirements development, modeling and simulation, and verification and validation (V&V) activities. Required qualifications include a Bachelor’s degree in a STEM discipline with 14 years of experience, a Master’s with 12 years, or a PhD with 9 years, along with an active DoD Secret clearance and the ability to obtain Special Access Program clearance. Technical skills required are experience with Agile methodology, the Atlassian tool suite, Windows and Linux operating systems, and programming in Matlab and/or Python. Preferred qualifications include an active DoD Top Secret clearance, experience with IBM's DOORS for requirements management, and data analysis related to V&V activities in DoD Modeling and Simulation systems."
144,"Job Title: Senior Front-End Web Developer  
Company: Minitab  

The Senior Front-End Web Developer is responsible for enhancing Minitab’s global web presence by supporting the Marketing content team with continuous site updates, feature releases, and marketing initiatives using Adobe Experience Manager as a Cloud Service. Key tasks include developing front-end code, resolving complex bugs, maintaining site health and security, and providing technical oversight for both front-end and back-end functionality across web properties. Required skills include a Bachelor’s degree or equivalent experience, a minimum of 5 years in front-end engineering, proficiency in HTML, CSS, JavaScript, and familiarity with frameworks like Bootstrap and jQuery. Experience with content management systems, particularly Adobe Experience Manager, responsive design, cross-browser compatibility, and privacy regulations (GDPR, CCPA) is essential. Additional desirable skills include knowledge of source control systems, Java, Google Tag Manager, and design tools like Figma. Strong communication skills are necessary for collaboration with marketing and design teams."
145,"Job Title: Dotnet Developer  
Location: San Diego, CA; Long Beach, CA  
Employment Type: Full-time  

Core responsibilities include application development and support, with a focus on .Net Development and Azure. Required qualifications include a Bachelor's degree or equivalent experience, with at least 4 years in Information Technology and 3 years specifically in .Net Development and Azure. Technical skills required are proficiency in JavaScript, MSSQL, CI/CD, Docker Containerization, and both Linux (Oracle) and Windows environments. Experience with application migration to MS Azure Functions and MS Azure Automation is preferred, along with knowledge of Data Masking. Candidates should have experience in implementing high-performance systems characterized by high throughput, high availability, and low latency. Strong communication skills are necessary for conveying complex technology solutions to diverse teams. Experience managing small teams (2-3 members) and working in a global delivery environment is advantageous."
146,"Job Title: Data Scientist  
Company: Booz Allen Hamilton  
Job Number: R0195929  

Responsibilities include data exploration, cleaning, analysis, and visualization to improve Veteran access to healthcare. Tasks involve extracting, ingesting, and manipulating data, creating dashboards, and building predictive analyses. Required skills include 4+ years of experience with data analysis, business intelligence platforms (e.g., Palantir, Tableau, PowerBI), SQL, and programming languages (e.g., Python, R, SAS). Experience with structured and unstructured data sources is necessary. A Bachelor’s degree is required, along with effective communication skills. Preferred qualifications include experience with healthcare data, federal stakeholder engagement, statistics, geospatial analysis, natural language processing, or machine learning techniques. Applicants must be able to obtain a Public Trust or Suitability/Fitness determination. The role may involve working remotely or onsite as needed."
147,"Job Title: Senior Software Engineer - .NET  
Location: Boston, MA (Hybrid)  
Responsibilities include collaborating with stakeholders to design, develop, and deliver user-centric software solutions for the energy industry, ensuring integration with other development teams, and mentoring junior developers. Required skills include 6+ years of web development experience, proficiency in .NET 6, Python, and front-end technologies such as React, Vue, or Angular. Knowledge of microservices, serverless architecture, object-oriented programming, functional programming, Domain-Driven Design (DDD), and Test-Driven Development (TDD) is essential. Familiarity with JSON, REST, OAuth2, JWT, the CQRS pattern, AWS, DynamoDB, Microsoft SQL Server, Git, CI/CD, and Agile methodologies is preferred. A bachelor's degree in computer science or a related field is required, along with strong analytical, communication, and organizational skills. The role involves working in an agile development environment and requires the ability to manage stakeholder expectations effectively."
148,"The UX/UI Designer I at Freedom Mortgage is responsible for assisting in the design of user experiences and interfaces for digital assets, including websites, mobile devices, apps, and wearables, under the guidance of a design lead. Key tasks include creating user-centric journeys, maintaining design assets, and ensuring adherence to brand guidelines. The role requires collaboration with designers, developers, product owners, and stakeholders to solve visual design challenges and improve usability based on performance data. Required technical skills include proficiency in design tools such as Sketch, Figma, InVision, and familiarity with user testing platforms like usertesting.com, as well as project management tools like Jira and Confluence. A BA in design or a related field is preferred, along with 0 to 2 years of relevant experience. Strong problem-solving abilities, attention to detail, and effective communication skills are essential. The position does not involve supervisory responsibilities and is performed in a standard office environment. A portfolio showcasing design work is required."
149,"Job Title: Site Reliability Engineer  
Core Responsibilities: Build and maintain modern IT infrastructure in public and private clouds using Terraform and GitHub; collaborate with development and operations teams to influence project implementations and develop platform technologies; engage with scientists and business units to understand technical needs; perform Linux systems administration using Ansible and other configuration management tools.  
Required Skills: Bachelor's degree in Computer Science, Information Technology, or related field; enterprise experience with Google Cloud and familiarity with best practices; experience with Azure and AWS in production; extensive Linux systems administration; proficiency in DevOps principles, monitoring, and observability; automation skills with declarative programming concepts; strong Python and Bash scripting abilities.  
Technologies and Methodologies: Google Cloud, Azure, AWS, Terraform, GitHub, Ansible, Infrastructure-as-Code, DevOps practices.  
Industry Context: Focus on improving human health and quality of life through advanced computational methods and cloud-based systems in a scientific research environment."
150,"Job Title: Data Engineer  
Company: Randstad Digital Americas  

The Data Engineer is responsible for designing, coding, testing, and implementing data movement, dashboarding, and analytical assets in a large retail environment. Key tasks include developing system documentation following SAFe Agile principles, evaluating architectural options for enterprise Data Lake and Data Warehouse, and providing technical consulting on applications and interfaces such as Azure Data Factory, Log Analytics, Databricks, Synapse, Power BI, and ADLS Gen2. The role involves defining functional and non-functional requirements, mentoring team members, collaborating with business areas to gather requirements, and ensuring secure development in partnership with ITS Security and Infrastructure teams. Required skills include 6+ years of experience in business application design and solution architecture, expertise in Azure technologies, data pipeline design, and data governance. A Bachelor’s degree in Computer Science or a related field is required, along with strong communication skills and experience in data modeling and reporting. SAFe certification or training is preferred."
151,"Fidelity Investments seeks a Senior Software Engineer for its Level 2 Production Support team within Stock Plan Services. Responsibilities include providing systems and business support in a mainframe environment, ensuring high availability and client satisfaction. Required technical skills include COBOL, DB2, CICS, JCL, MQ-Series, SQL, VSAM, and Easytrieve, along with experience in mainframe performance tuning and capacity planning using tools like Strobe and iStrobe. Familiarity with Oracle databases, File-AID, Endeavor, Intertest, Abend-AID, and Control-M is necessary. A Bachelor’s or Master’s degree in Computer Science or related field and over 6 years of mainframe development and support experience are required. Knowledge of ETL, Informatica, Java, or Python is a plus. Experience in a scaled agile delivery model and investment/financial services is preferred. Strong communication skills and the ability to work in a dynamic environment are essential."
152,"Job Title: Big Data Engineer with AWS  
Location: Philadelphia, PA; Manhattan, NY; McLean, VA  
Hiring Mode: Contract / Onsite  

Core responsibilities include developing and managing big data services utilizing AWS. Required technical skills include proficiency in AWS Cloud, Spark, and Python, with Scala experience being highly desired. Familiarity with software engineering principles is also preferred. The role is situated within the big data domain, focusing on cloud-based solutions."
153,"Job Title: Senior Software Engineer  
Company: Uber  

The Senior Software Engineer will work on the High Capacity Vehicles Matching team, focusing on network planning software, route and schedule generation, and real-time matching of riders and drivers for high-capacity vehicles. Responsibilities include designing and implementing network planning tools, addressing NP-hard routing and scheduling problems, and delivering reliable distributed systems. The role requires a BS/BE degree in Computer Science or equivalent, along with 5 years of experience in software engineering and expertise in large-scale distributed systems. Preferred qualifications include an MS or advanced degree in Computer Science, familiarity with Vehicle Routing Problem (VRP) variants, experience with Linear Programming/Mixed Integer Linear Programming (MILP), and a solid understanding of backend development. The position involves cross-functional collaboration with engineering, product, and operations teams."
154,"Job Title: Senior Solutions Architect - Global Strategic Partners (GSP), GSI Sales  
Company: Amazon  

The Senior Solutions Architect will manage customer experience issues within Amazon’s Device, Digital, and Alexa network, collaborating with technical and non-technical stakeholders to ensure timely resolutions. Core responsibilities include overseeing the resolution of widespread customer experience problems and utilizing data and metrics to drive improvements. Required qualifications include over 1 year of customer service experience and the ability to work weekends and holidays. Preferred qualifications consist of 5+ years in infrastructure architecture, database architecture, and networking, along with experience engaging with end-user or developer communities. The role involves strong written and verbal communication skills and the ability to work with diverse teams."
155,"Job Title: Senior/Staff Software Engineer - Simulation Scenario Full Stack  
Company: Zoox  

Responsibilities include developing tools for authoring, inspecting, and evaluating autonomous driving simulation scenarios, extending a web-based front-end for 3D graphical definitions, and enhancing a web back-end for interaction with simulation and autonomous driving software. Required skills include 8+ years of industry experience, proficiency in TypeScript and Python, and experience in developing web user interfaces (UI/UX). A BS in Computer Science or a related field is necessary. Bonus qualifications include experience in C++, modern web development frameworks (Vue, Three.js, React), and familiarity with simulation, game development, robotics, or autonomous vehicles. Compensation includes a salary range of $203,000 - $293,000, Amazon Restricted Stock Units (RSUs), and Zoox Stock Appreciation Rights, with benefits such as paid time off, health insurance, and disability insurance."
156,"Job Title: Java Developer  
Location: New Jersey (Summit) or New York City, NY  
Duration: 12 months, hybrid onsite 2-3 days a week  
Compensation: $65-75/hr, W2, open to relocation assistance and visa transfers  

Core responsibilities include full lifecycle development of Actimize plugins, which encompasses defining plugin requirements, designing plugin architecture, implementing, testing, documenting, deploying, and maintaining plugins. Required technical skills include 5+ years of Java development experience and 4+ years of deep experience with Actimize, specifically utilizing Actimize Case Designer and Actimize Modeler. Experience with ""ActOne-Actimize"" is preferred, and familiarity with Risk Case Manager (RCM) is ideal, though strong expertise in Actimize/plugins is acceptable."
157,"Software Engineer responsible for developing cryptography solutions for a digital cash cryptosystem, focusing on enabling universal crypto transactions within milliseconds. Required technical skills include proficiency in cryptographic algorithms, programming languages such as Python or C++, and experience with blockchain technologies. Familiarity with frameworks and methodologies relevant to secure software development is essential. The role operates within the financial technology domain, specifically in the cryptocurrency sector."
158,"The Senior Software Engineer at Cookonnect is responsible for analyzing, designing, building, and testing systems to support the company's vision of enhancing access to personal chef services. Key responsibilities include managing Agile methodologies (scrum/Kanban), leading testing and documentation of new features, developing engineering KPIs and platform metrics dashboards, and overseeing the migration from a no-code solution to a full-stack web framework. Required technical skills include proficiency in Ruby programming language and experience with Agile practices. The role involves collaborating with the CEO to set technical constraints, develop a product roadmap, and ensure product quality. Technologies used include a no-code MVP built on Bubble, with plans for a full-stack platform architecture. The position is fully remote for US-based applicants, with a salary range of $150K - $170K."
159,"Job Title: Site Reliability Engineer  
Job Type: Hybrid  
Location: Jersey City, New Jersey  

Responsibilities include supporting production environments and performing maintenance activities, including weekend work. Required skills include strong AWS experience (minimum 2-3 years) with AWS services such as EC2, EKS, and RDS, and a valid AWS Certification (Solutions Associate). Candidates should have at least 7-8 years of overall experience, proficiency in Unix and Linux, and skills in shell scripting. Knowledge of NFS, LAN, and TCP/IP is necessary. Experience with monitoring tools like DataDog and Grafana, database management with MySQL or Oracle, and scripting in Shell, Python, or Go is required. Familiarity with Docker, Kubernetes, Terraform, Jenkins, and Maven is also needed. Recent and active AWS certifications are mandatory."
160,"Job Title: .NET Developer  
Location: Jersey City, NJ (Onsite)  
Employment Type: Full Time/W2 Contract  

Core responsibilities include developing applications using C# and ASP.NET Core MVC, managing background jobs with Windows Services and Hangfire, and performing SQL development. Required technical skills encompass 8+ years of experience in .NET development, proficiency in .NET Framework, ORM using Entity Framework, and SSRS for reporting. The role involves working within the software development lifecycle and utilizing relevant frameworks and methodologies."
161,"Job Title: Sr. Data Engineer  
Company: Precision Technologies  

The Sr. Data Engineer is responsible for data engineering tasks including data ingestion, transformation, modeling, and database management. This role requires collaboration with cross-functional teams to design and implement data solutions that align with business requirements. Required qualifications include a Bachelor's degree in Computer Science, Data Science, or a related field, extensive experience in data engineering, and proficiency in programming languages such as Python, Java, or Scala. Familiarity with data integration tools like Apache Kafka, Apache NiFi, or Informatica, strong SQL skills, and knowledge of both relational and non-relational databases are essential. Experience with big data technologies such as Hadoop, Spark, or Hive, as well as cloud platforms like AWS or Azure, is also required. Understanding data governance and quality best practices is necessary, along with the ability to work effectively in a team environment. This position is on-site in Monmouth Junction, NJ, and is open to W2 candidates only."
162,"Job Title: Senior Data Scientist  
Company: Dave  

Responsibilities include collaborating with product managers, engineers, and marketing teams to research, develop, deploy, and improve machine learning (ML) solutions aimed at driving growth and enhancing user experience. Key tasks involve performing in-depth analysis of datasets, ideating ML solutions for business problems such as prediction, optimization, and segmentation, and optimizing ML models for performance on various architectures. Continuous monitoring and evaluation of model performance and communication of insights to stakeholders are also required.  

Required qualifications include a BS/MS/PhD in Computer Science, Electrical/Computer Engineering, Mathematics, Statistics, or related STEM fields, along with 4+ years of experience in modeling and machine learning, specifically in developing ML-driven products. Proficiency in Python/R and experience with ML/deep learning algorithms using frameworks like TensorFlow, PyTorch, and Spark are essential. Familiarity with cloud platforms and experience in financial services or FinTech are preferred, along with production deployment experience. Strong communication skills and the ability to work collaboratively across teams are necessary.  

The role is situated within the financial services industry, specifically within a neobank context, focusing on innovative banking solutions. Salary range is $138,000 - $222,000."
163,"Job Title: Journeyman Systems Engineer  
Company: Odyssey Systems  
Location: Hanscom AFB, MA  

The Journeyman Systems Engineer will support the HBB/Kessel Run Division of the USAF Digital Directorate, focusing on the Patriot Excalibur (PEX) software toolset for multi-domain operational tasks. Responsibilities include conducting program reviews, evaluating systems engineering processes, managing program technical baselines, preparing technical documentation, performing system validation, and providing engineering support throughout the acquisition life cycle. Required skills include experience in requirements development, architecture design, modeling and simulation (including Model Based Systems Engineering), and configuration management. Familiarity with DoD acquisition processes, network architectures, embedded systems, and cloud deployment is essential. Candidates must have a minimum of 7 years of relevant experience, including 5 years within the DoD, and must hold a Secret level clearance. A high school diploma is required, with a preference for a Bachelor's or Master's degree in a relevant engineering discipline. Experience with Electronic Warfare, Air Combat operations, and foreign ground radar is desirable."
164,"JavaFX Software Engineer position requires software design, development, integration, and testing, with a focus on object-oriented design and GUI development using JavaFX. Responsibilities include implementing interface software and developing applications for LINUX. Required qualifications include a BS in Computer Science, Computer Engineering, Electrical Engineering, or a related field, along with a minimum of 2 years of experience in JavaFX (4 years preferred). Candidates must be U.S. citizens and able to obtain a DoD secret clearance."
165,"Job Title: Software Tester  
Company: V2X Inc  

The Software Tester will support the Integrated Early Warning of Chemical, Biological, Radiological, and Nuclear (CBRN) Sensors project for the Department of Defense (DoD), ensuring software quality and reliability through testing and quality assurance processes. Responsibilities include collaborating with developers and stakeholders to understand project requirements, developing and executing test plans and cases, conducting functional, regression, integration, and user acceptance testing, and utilizing automated testing tools and frameworks like Selenium or Appium. The role requires documenting and reporting defects using issue tracking systems such as Jira or Azure DevOps, performing root cause analysis, and participating in team meetings. A Bachelor's degree in Computer Science, Engineering, or a related field is preferred, along with an active U.S. DoD Secret (or higher) level Security Clearance. Required skills include experience in software testing methodologies, proficiency in automated testing tools, familiarity with Agile methodologies, and strong analytical and communication skills."
166,"The Senior ETL Data Engineer role at Avesta Computer Services involves transforming raw data for business intelligence and supporting data platform development. Key responsibilities include translating requirements into technical designs, developing and maintaining code, executing unit tests, debugging issues, and communicating project status. Required skills include a minimum of 5 years in ETL/ELT development, proficiency in SQL, experience with the DBT framework, and familiarity with git for change management. Candidates should have at least 2 years of experience with Python and 3 years in cloud environments such as AWS, Azure, or Google. Experience in the Property & Casualty Insurance or Financial Services industry is preferred. A bachelor’s degree in computer science or equivalent experience in ELT/Analytics Engineering is required."
167,"Job Title: Software Engineer 3  
Company: Kinetix  

Responsibilities include serving as the technical lead for larger projects, establishing technical direction, and monitoring project management metrics. The role involves leadership in design, development, documentation, unit testing, and developing specifications as part of an agile/iterative software development process. Key tasks include identifying technical improvements, troubleshooting issues, conducting code reviews, and providing accurate development estimates. Required technical skills include expert knowledge of Java, Linux, Google Cloud Platform, and cloud-based microservices architecture, with additional skills in database scripting (Oracle, PostgreSQL, SQL Server), Web Services, TCP/IP, and embedded software programming being advantageous. Experience with agile methodologies and knowledge of AMI and Smart Grid Systems is preferred. A B.S. in Computer Science or a related field and 4-7 years of extensive software development experience are required. The position necessitates effective communication, team leadership, mentoring junior engineers, and the ability to work on complex R&D projects independently."
168,"Job Title: Junior AI/ML Software Engineer  
Company: ECS  

Responsibilities include integrating Azure AI services with existing solutions, identifying opportunities to leverage OpenAI/ML technologies for USPS OIG processes, and designing, developing, testing, and maintaining Azure AI/ML software applications. The role involves collaborating with solution architects, supporting internal customers with AI capabilities, adhering to safety and security policies, and producing process documentation. Required skills include U.S. citizenship or Green Card status, ability to obtain a Public Trust Clearance, three or more years of experience in data analysis and AI software development, strong knowledge of Microsoft Azure AI, and experience in Agile environments using tools like MS DevOps. Proficiency in coding languages such as Python, C++, and Java is necessary, along with experience in Cognitive Services, Search, and Azure OpenAI models. The position requires effective communication skills, attention to detail, and the ability to work independently or in teams within a government context."
169,"Job Title: Systems Engineer (NASA HHPC - Johnson Space Center)  
Company: Leidos  

The Systems Engineer will lead systems engineering efforts for NASA's Human Health and Performance Contract at the Johnson Space Center, focusing on exploration missions including Gateway, lunar, and Mars projects. Responsibilities include managing system requirements, verification, and validation, defining system architecture and interfaces, leading integration efforts, and participating in testing and design reviews. Required qualifications include a Bachelor's Degree in Engineering or a related discipline, 8+ years of experience in leading complex technical projects involving hardware and software, and proficiency in MS Office Suite. Preferred qualifications include experience with Development Assurance, Certification and Safety Analysis, knowledge of Model Based Systems Engineering (MBSE), and prior experience with NASA programs. US Citizenship or Permanent Residency and the ability to obtain a Public Trust Security Clearance are mandatory."
170,"Job Title: .NET Developer  
Company: Ledgent Technology  
Responsibilities include developing, implementing, and testing new software features, debugging production issues, designing and generating SSRS reports, gathering business requirements, maintaining the development environment, supporting integration and QA testing, and developing test automation tools. Required technical skills include proficiency in C# (versions 8 or 9), ASP.NET (Core or 5.0), MS SQL Server, HTML, JavaScript, jQuery, CSS, and familiarity with modern JavaScript/CSS frameworks, particularly Vue.js. Application development and deployment experience in a Microsoft environment is necessary. A Bachelor's Degree in Computer Science or a related field is required."
171,"Job Title: Kubernetes DevOps Engineer  
Location: Mountain View, CA (Remote)  
Type: Contract  

Responsibilities include managing cloud infrastructure, specifically on Google Cloud Platform (GCP), with a focus on Kubernetes and distributed systems. Required skills include 4+ years of experience in cloud or infrastructure engineering, strong proficiency in Linux and shell scripting, and knowledge of cloud infrastructure concepts such as VPCs, subnets, and firewalls. Experience with Infrastructure-as-Code (IaC) and cloud security practices is essential. Proficiency in scripting or programming languages, particularly Python and shell scripting, is necessary. Strong problem-solving and troubleshooting skills are required, along with effective written and verbal communication skills suitable for a remote work environment. For senior roles, the ability to design scalable solutions and lead engineering teams on projects is expected."
172,"Job Title: Data Analyst/Project Manager  
Location: NYC, NY  
Contract Type: W2 or Independent Contractor  
Role Type: Hybrid (3 days onsite)  

Core responsibilities include building data pipelines, performing analytics, creating and maintaining SharePoint sites, and developing end-user tools. Required technical skills include 10+ years of experience in finance and project management, proficiency in KNIME (or similar software), Visual Basic for Applications (VBA), SQL, and relational database management systems. Strong proficiency in Microsoft Excel and significant experience with Microsoft Access is necessary. Additional skills for internal candidates include experience with Lynx UI, Optima Cognos Reporting Tool, and data extraction from Data Globe, specifically with data schemas such as DGSTREAM, DGFU, DGREF, and DGLOBE. A good understanding of loan data hierarchy, including Request, Credit Agreement, Facility, and GFRN in Lynx, is also required."
173,"Job Title: Cybersecurity Software Engineer  
Company: General Dynamics Mission Systems  

Requires a Bachelor’s degree in Software Engineering or a related field, or a Master’s degree, along with 2+ years of relevant experience. Preferred skills include Agile experience and proficiency in Java, C, C++, or Python. Responsibilities include developing cybersecurity software for the US Navy, creating new software components, integrating COTS tools, containerizing applications using Docker or Podman, building multi-tier software solutions, conducting unit testing, and participating in technical meetings. Knowledge of the software development lifecycle, Linux (preferably Red Hat), containerization technologies, cybersecurity best practices, and technical problem-solving for complex systems is essential. A Department of Defense Secret security clearance is preferred, and U.S. citizenship is required. The position is primarily on-site with hybrid options available. Target salary range is USD $99,812.00 - $110,729.00 per year."
174,"The Advanced Lead Control Systems Engineer at GE Aerospace is responsible for the design, development, and verification of engine control logic, application software, and system interfaces for rotorcraft and military turbofan fleets. Key responsibilities include leading teams in propulsion system simulations, control algorithm design, model-based software development, signal processing, and systems integration. Required technical skills include experience with model-based software design tools, desktop simulation, hardware-in-the-loop testing, and linear/non-linear simulations. The role involves collaboration with airframe manufacturers and military customers to define requirements and ensure compliance with certification standards from agencies such as the US Military and FAA. A minimum of GCE ‘O’ level with 3 years of relevant experience or a diploma in Mechanical/Precision/Manufacturing Engineering is preferred. Knowledge of CNC programming and the ability to read technical drawings are also essential."
175,"Job Title: Software Engineer, Lead  
Company: Quest Analytics, LLC  

Responsibilities include leading the design and architecture of the software platform, scaling the platform, developing algorithms, creating automation tools, communicating with stakeholders, mentoring team members, ensuring coding standards, and addressing technical challenges. Required technical skills include a bachelor's degree in computer science or equivalent experience, 7+ years in software development, proficiency in Microsoft .NET Framework (C#), asynchronous and parallel programming, performance optimization, SQL Server or other relational databases, REST API design and consumption, unit testing (XUnit preferred), source control systems (Git preferred), and frontend web development (HTML, CSS/Sass, and modern JavaScript frameworks, preferably React). Experience in Agile methodologies and the ability to translate high-level requirements into actionable designs is also necessary. The role is situated within the healthcare technology domain, focusing on improving healthcare access through innovative software solutions."
176,"Job Title: Senior Full Stack Developer  
Company: MNK Infotech  

Job Description: Senior Full Stack Developer position focusing on React.js and .NET, requiring 8 years of experience. Responsibilities include leading software development activities, providing technical leadership, conducting code and design reviews, coding complex features, and collaborating with development and QA teams. Required technical skills include extensive proficiency in React.js, modern JavaScript (ES6/ES7, JSX), and backend technologies such as .NET framework, C#, ASP.NET MVC/Core, Entity Framework, and RESTful API development. Knowledge of SQL Server or other relational databases and experience in implementing security measures in .NET applications are also necessary. The role operates in a hybrid model with onsite travel to Pittsburgh, PA or Harrisburg, PA once a month for 3-4 days. Full-time employment with salary and benefits including 401(k), dental, and health insurance."
177,"Job Title: Site Reliability Engineer (Remote)  
Company: WEX  

The Site Reliability Engineer (SRE) role involves developing software and solutions focused on observability, incident response, reliability, performance, operational excellence, and compliance within the Platform Reliability organization. Key responsibilities include troubleshooting complex issues across code, networking, operating systems, and storage solutions, developing automation, utilizing monitoring tools, participating in incident response, and collaborating with development teams to ensure software design meets operational requirements. Required technical skills include 2+ years of experience as a Site Reliability Engineer or in a similar role, proficiency in at least one major programming language, experience with cloud computing platforms (AWS, Azure, GCP), observability and logging technologies, and containerization technologies (Docker, Kubernetes). Familiarity with relational and NoSQL databases, infrastructure as code (preferably Terraform), RESTful API design, and tools such as Datadog, Grafana, and Splunk is advantageous. A BA/BS degree in Computer Science or a related field or equivalent experience is required. The role requires strong communication and collaboration skills and the ability to thrive in a fast-paced environment. The position includes participation in 24x7 SRE rotations and escalation workflows. Salary range is $92,000 - $122,000."
178,"Job Title: Machine Learning Engineer  
Company: Cloud Resources LLC  

Responsibilities include developing and implementing machine learning algorithms and models, analyzing large datasets, and collaborating with cross-functional teams to design and deploy machine learning solutions. Required technical skills include strong knowledge in pattern recognition and neural networks, proficiency in computer science and statistics, experience with algorithms and data structures, and hands-on experience with machine learning frameworks and libraries. Familiarity with cloud platforms and big data technologies is essential. Proficiency in programming languages such as Python or R is required. A Master's or PhD in Computer Science, Data Science, or a related field is necessary. This is a contract role based primarily in New York, NY, with some flexibility for remote work."
179,"Job Title: Software Developer - Intermediate (US)  
Location: Austin, TX  
Duration: 6 Months (Contract, Hybrid)  
Pay Rate: $46.00/hour  

Responsibilities include developing reference designs to showcase technologies for an American multinational semiconductor company, collaborating with core engineering to create user mode applications and device drivers for various systems, including networking and automotive. Key tasks involve defining and developing solutions, implementing and debugging modules, and creating proofs of concept and demos. The role requires hands-on experience in driver development using C/C++/Java and Python, debugging from application to drivers, and familiarity with Linux and its variants. Preferred qualifications include embedded Linux development, experience with real-time and multithreaded applications, and knowledge of systems programming across x86, SoC, and graphics platforms. A minimum of 5 years of experience in system software development and an engineering degree in Computer Engineering or Computer Science are required. Strong communication skills and the ability to work independently or collaboratively are essential."
180,"Job Title: Senior Software Engineer  
Location: Greater Boston Area (Hybrid: on-site 3 days/week, remote 2 days/week)  
Industry: Medical device or regulated environment  
Compensation: $140-170K base salary, 10% bonus, and benefits  
Responsibilities include developing web user interfaces and full stack applications. Required technical skills include C#, .NET, jQuery, ASP.NET, MVC, SQL, and Entity Framework, utilizing the Microsoft technology stack. A Bachelor’s degree in Computer Science or a related field is required, along with 8-10 years of relevant experience. Relocation assistance is not available, and no visa sponsorship or transfer is offered."
181,"Job Title: Senior Data Scientist  
Location: Houston, TX (4 days in-office, no remote work)  
Core Responsibilities: Lead large-scale AI/ML projects, design and implement predictive analytics and optimization initiatives, identify business opportunities for AI/ML, establish standards and best practices for the organization’s AI/ML function, and communicate complex data insights to stakeholders.  
Required Skills: Master’s or PhD in Computer Science, Statistics, or Applied Mathematics; 5-7 years of experience in data science or a related field if degree is in a non-related area; proficiency in Python or R; familiarity with machine learning libraries and frameworks; experience with data processing and visualization tools (SQL, Tableau, Power BI); full machine learning lifecycle experience including feature engineering, training, validation, deployment, and monitoring; expertise in advanced analytical techniques (descriptive statistics, machine learning, optimization, cluster analysis); experience with supervised and unsupervised machine learning techniques; familiarity with cloud computing environments (AWS, Azure, GCP) and data/ML platforms (Databricks, Spark).  
Technologies/Methodologies: Predictive analytics, machine learning, optimization, cluster analysis, data processing, and visualization tools.  
Domain Context: AI/ML in a business environment, focusing on data-driven solutions and decision-making."
182,"Job Title: Founding Product Designer  
Company: Serval  

The Founding Product Designer will collaborate with founders to develop the Serval IT ticketing and automation platform, focusing on usability and intuitive design. Responsibilities include understanding complex problem spaces, generating design ideas, creating mockups and interactive prototypes, conducting usability testing, and collaborating with engineering to address technical constraints. The role involves crafting designs from concept to pixel-perfect UI, building a scalable design system, and supporting early brand content development. Required qualifications include 5+ years of experience as an in-house product designer, proficiency in Figma, and a strong focus on detail and collaboration. Experience in B2B SaaS tools and prior startup experience is a plus. The position is based in San Francisco and requires in-person presence."
183,"Job Title: Network Engineer  
Company: Ferretti Search  

The Network Engineer will support network operations as part of the Global IT Networking Team. Responsibilities include configuring and installing network devices and services such as routers, switches, firewalls, and VPNs; performing network maintenance and system upgrades; monitoring network performance and availability; and providing level 2 and 3 support for troubleshooting networking issues. The role involves adhering to configuration and change management policies, implementing security tools and procedures in collaboration with the security team, liaising with vendors and IT personnel for problem resolution, and participating in infrastructure projects and continuous improvement processes. Required qualifications include a Bachelor’s degree, with CCNA or CCNP certification preferred, and a minimum of 3 years of experience in networking and firewall management. Essential technical skills include extensive knowledge of routing protocols, (SD)WAN, switching, wireless technologies, and strong network security expertise, with additional experience in Palo Alto firewall and Panorama considered a plus."
184,"Job Title: Junior Specialist: Full-Time Research Software Engineer  
Company: UC Santa Barbara  

The Bionic Vision Lab at UC Santa Barbara seeks a full-time research software engineer to support research initiatives focused on human, animal, and artificial vision. Responsibilities include developing and prototyping software solutions using C#/shaders and Python, enhancing the BionicVisionXR simulator in Unity, and creating software for assistive technologies and multimodal data analysis. Required qualifications include a BA/BS in computer science, engineering, robotics, or a related field, experience in software development (C/C++/C#, Python, CUDA/shaders), and familiarity with virtual or augmented reality platforms. Preferred qualifications include experience in immersive virtual/augmented reality, production-level code contributions, and interest in assistive technologies. The position requires effective communication, organization, and problem-solving skills. Application materials include a CV and contact information for 3-5 references. The anticipated start date is July 1, 2024, for a one-year term."
185,"Job Title: Senior Data Scientist  
Company: Walmart  

The Senior Data Scientist will be part of the People Analytics team, focusing on developing and implementing advanced statistical models and machine learning algorithms to analyze large datasets and provide actionable insights. Key responsibilities include collaborating with cross-functional teams to identify business problems, conducting statistical analysis and hypothesis testing, applying Bayesian inference techniques, and evaluating program ROI. Required qualifications include a Bachelor's or Master's degree in Data Science, Statistics, Computer Science, or a related field, with a minimum of 3 years of experience in data science, particularly in retail or e-commerce. Proficiency in building and maintaining causal inference machine learning models, familiarity with Directed Acyclic Graphs (DAGs), and experience with programming languages such as Python or R, SQL, and data visualization tools like Tableau or Power BI are essential. People Analytics experience is a plus. The role is based in Bentonville, AR."
186,"Job Title: Data Analyst  
Company: Open Systems Technologies  
Location: New York, NY  
Pay: $48/hr  

Core responsibilities include supporting NCNA and assisting Relationship Managers with account management, client data administration, product management, network administration, and business and profitability administration. The role involves administering NCNA transversal requirements, including terms and conditions. Required technical skills include proficiency in data analysis tools and methodologies relevant to financial services. Familiarity with data management frameworks and client relationship management systems is essential. The position operates within the financial industry context."
187,"Job Title: Dotnet Developer  
Location: Hybrid/onsite in Melbourne, FL or Miramar, FL  
Compensation: $55.10 - $56.45 per hour, based on experience and skills. Benefits include medical, dental, vision insurance, HSA, FSA, DCFSA options, 401k with employer matching, and paid sick leave.  

Responsibilities include designing, developing, testing, and integrating core and web applications, providing tier III technical support, and troubleshooting software and hardware issues. The role involves analyzing and modifying application systems, ensuring usability across different hardware and software configurations, and developing web security safeguards.  

Required qualifications include 5 to 8 years of experience in software analysis, design, development, testing, and deployment, with proficiency in .Net, Visual Studio, Azure DevOps Server, C#, SQL Server, Oracle, Angular, Bootstrap, CSS, SASS, JavaScript, jQuery, Blazor, React, and Node.js. Familiarity with relational databases, object-oriented programming, web services, and both Waterfall and Agile methodologies is necessary. A 4-year degree in Information Systems, Computer Engineering, or a related field, or equivalent experience is required.  

The position is within a financial institution's software development team, focusing on creating and modifying financial applications and web-based systems."
188,"Job Title: Senior Software Engineer  
Company: Pegasystems  

Responsibilities include designing, developing, deploying, and operating core runtime services within an Agile environment, engaging in platform-level design and prototyping, and refining technical solutions for business domain problems. Required technical skills include proficiency in Kotlin or Core Java, strong object-oriented design, Test Driven Development (TDD), and a solid understanding of the Software Development Life Cycle (SDLC). Familiarity with cloud technologies (e.g., AWS), Kubernetes, Docker, and CI/CD processes is advantageous. The role involves working with distributed systems concepts such as scalability, resiliency, and consistency. Technologies used include Kubernetes, Kafka, MongoDB, and Elastic Search, focusing on cloud-native architecture for high-throughput runtime platforms. A Bachelor's or Master's degree in Computer Science or a related field and a minimum of 6 years of professional experience are required."
189,"Job Title: Network Engineer  
Company: SoftSages Technology  
Location: Dallas, TX  

Responsibilities include network administration, engineering, troubleshooting, security, and design. Daily tasks involve managing and maintaining network infrastructure, analyzing and resolving network issues, implementing security measures, and designing network solutions. Required technical skills include network administration, engineering, troubleshooting, security, and design. Relevant technologies and frameworks include network infrastructure management tools and security protocols. A bachelor's degree in Computer Science, Information Technology, or a related field is required, along with relevant certifications such as CCNA or CCNP being a plus. Strong analytical, problem-solving, communication, and collaboration skills are essential."
190,"Job Title: Senior .NET Developer  
Location: Remote, US (eligible candidates must reside in specific states)  
Responsibilities include designing, developing, and supporting client applications using C#, SQL, and JavaScript, ensuring operational stability and resiliency of software applications, participating in design sessions, producing documentation for issue remediation, mentoring team members, and handling on-call duties. Required technical skills include 7 years of programming experience with C#, .NET framework, SQL, and JavaScript; 5 years of design experience with object-oriented techniques and ER data modeling; 5 years of experience with web applications and services, including RESTful techniques; 3 years of experience in unit test suite development; and 2 years of experience with Azure cloud platform. Candidates must demonstrate problem-solving abilities, strong time-management skills, and effective communication across organizational boundaries. A BS/MS in Computer Science or a related field is preferred. Additional qualifications include experience with Azure DevOps/git for build and deployment, familiarity with issue tracking systems like Jira, and knowledge of accounting and financial transaction concepts."
191,"Job Title: Python Developer  
Location: California (Remote)  
Terms: Contract  

Core responsibilities include developing and maintaining RESTful APIs and backend services in Python, utilizing Flask, Datadog, and Celery, as well as designing and implementing Python SDKs for various applications. Required technical skills include proficiency in Python and Object-Oriented programming. Experience with Python dependency management tools such as Pip and Conda is preferred. Familiarity with Jupyter notebooks for data science or machine learning tasks is also advantageous. Additional responsibilities involve managing programmatic job scheduling and data pipelines using tools like Airflow and developing queries for offline databases using technologies such as Presto, Hive, and Spark."
192,"Position: Data Analyst at International Paper, Cedar River Mill. Responsibilities include collaborating with departments to understand needs, developing statistical models for data analysis, communicating findings to stakeholders, optimizing data lakes and engines, and implementing analytical models in production. Required skills: Bachelor's degree in statistics, applied mathematics, Computer Science, or Computer Information Systems; 3+ years of experience in manufacturing; proficiency in data mining, statistical analysis, and building digital twins; familiarity with tools such as Simca, Power BI, Tableau, and Microsoft Excel. Technologies used include Braincube, Simca, PI, PI Vision, and Plant Applications. The role involves managing databases, ensuring data accuracy, supporting data requests, and training power users. The position is full-time with a salary range of $68,300-$91,000."
193,"The Lead Systems Engineer for the Military Displays Division at L3Harris Technologies in Alpharetta, GA, is responsible for overseeing the systems engineering lifecycle, including requirements capture, system design, hardware and software integration, validation, and verification for military and commercial avionics products. Key tasks include generating requirements Traceability Verification Matrices (RTVM), Design Verification Testing (DVT), and Acceptance Test Reports (ATP), as well as creating Interface Definition Documents (IDDs) and Interface Control Drawings (ICDs). Required technical skills include experience with requirements capture tools such as DOORS and JAMA, familiarity with communications protocols (RS-232, ARINC 429, MIL-STD-1553, ARINC 664, ARINC 818), and knowledge of Displays Technology (AMLCDs, OLEDs, LED). The role necessitates collaboration with engineering sub-disciplines and participation in program reviews throughout the product development lifecycle. A Bachelor's Degree and a minimum of 9 years of relevant experience are required, with a preference for candidates holding a graduate degree and additional experience in systems engineering. Familiarity with DO-254, DO-178B/C, DO-160, ARP-4754A, ARP-4761, and MIL-STD-882E processes, as well as the FAA and MIL certification processes, is also preferred. The position may involve up to 10% travel and requires the ability to obtain a Secret Security Clearance."
194,"Job Title: DevOps Engineer (Remote)  
Company: KLDiscovery  

Responsibilities include developing automated processes for application build and release pipelines, managing deployments to development, validation, and production environments, and configuring initial environments through infrastructure automation. The role requires adherence to coding standards, providing technical support for production applications, and collaborating with various organizational departments. 

Required qualifications include a BS in Computer Science or related field, 3+ years of software development or QA experience, and proficiency in both Windows and Linux environments. Preferred skills include experience with continuous integration platforms and tools such as Azure Cloud, Terraform, Ansible, Azure DevOps, SonarQube, BurpSuite, Git, and Docker. Knowledge of programming languages like C# and SQL, as well as client/server and internet systems architectures, is essential. 

This position operates under International Traffic in Arms Regulations (ITAR), requiring candidates to be U.S. citizens, active Green Card holders, or ""Protected Persons."" The role is fully remote and does not qualify for VISA sponsorship."
195,"The Data Scientist/Statistician Intern position at The Lubrizol Corporation is targeted at Bachelor’s degree students in relevant fields. Core responsibilities include creating predictive models, implementing algorithms, and collaborating with scientists and engineers to address their data needs. Required technical skills include proficiency in programming languages such as R, Python, C/C++, and experience with statistical software. Familiarity with database systems and advanced statistical methods is essential. The role involves using technologies and methodologies related to data analytics, machine learning, and virtual experimentation to support product development. Interns will work within a data science team that operates in a dynamic, start-up-like environment, providing analytics consulting services across the organization."
196,"Job Title: Python Developer | Research Infrastructure  
Location: Chicago  
Core Responsibilities: Develop and enhance a research platform by collaborating with quants, traders, and researchers to create custom products and tooling. Engage in a greenfield project involving end-to-end product development.  
Required Technical Skills: Proficient in Python with over 5 years of experience, strong analytical and problem-solving skills.  
Technologies and Methodologies: Experience with large data sets, distributed systems, and microservices.  
Industry Context: Position is within a global proprietary trading firm focused on research infrastructure development."
197,"Job Title: Network Engineer  
Company: Stanley David and Associates  
Location: New York, NY (Hybrid)  

Responsibilities include designing and implementing routing and switching solutions in large environments, with a focus on IoT deployments and communication protocols. Required technical skills include expertise in OSPF, BGP, SD Access, DNAC, and VxLAN. Knowledge of Cisco ISE, TACACS, and DNS/DHCP functioning is essential. The role demands a minimum of 8 years of experience in network engineering, particularly in IoT solutions and device deployment. Familiarity with scalability and availability design principles for IoT is beneficial. Basic scripting skills for reading and understanding existing scripts are a plus. The position requires in-office attendance three days a week."
198,"Job Title: Data Scientist  
Location: Bentonville, AR  
Job Type: Fulltime  

Responsibilities include deploying real-time AI/ML models on Google Cloud Platform, scaling marketing-related AI/ML solutions, and managing large-scale machine learning models. Required technical skills include programming in Python and PySpark, proficiency in SQL, and experience with relational databases, data warehouses, and BigQuery. Familiarity with classical ML algorithms (K-NN, LSH, logistic regression, linear regression, SVM, Random Forest, clustering) and deep learning algorithms (MLP, CNN, RNN, LSTMs, GANs, Transformers, LLMs) is essential. Experience with ML frameworks such as Scikit-learn, Spacy, TensorFlow/Keras, and PyTorch is necessary. The role involves operationalizing models using MLOps, scheduling jobs for automated training and inference with workflow orchestration tools like Airflow, and conducting data collection, cleaning, preprocessing, and feature engineering. Understanding regression, classification, and unsupervised ML algorithms is required, along with the ability to mentor junior associates. Strong problem-solving, analytical, and communication skills are essential for presenting complex concepts to diverse audiences."
199,"Job Title: RCM Data Analyst  
Company: Charlie Health  

The RCM Data Analyst is responsible for collecting, cleaning, analyzing, and interpreting large datasets to identify trends and insights that inform business decisions. Key tasks include developing and maintaining dashboards and reports, collaborating with cross-functional teams, and performing ad-hoc analyses. Required technical skills include proficiency in Tableau and SQL, experience with relational databases, and familiarity with data visualization tools like Power BI or matplotlib. Knowledge of statistical analysis techniques using R, Python, or SAS is also necessary. Experience in finance, healthcare, or e-commerce is advantageous. The role demands strong analytical skills, attention to detail, and effective communication to convey technical concepts to non-technical stakeholders."
