user_id,text_resume
0,"**Summary**  
Results-driven Senior Software Engineer with over 6 years of experience in back-end web development, specializing in Java and its frameworks. Proficient in building scalable RESTful web services and committed to delivering high-quality software solutions through test-driven development practices.

**Experience**  
**Senior Software Engineer**  
Software Development | 2018–Present  
- Designed and implemented RESTful APIs using Java, Spring Boot, and Hibernate, improving system performance by 30%.  
- Led a team in transitioning legacy systems to microservices architecture, enhancing maintainability and scalability.  
- Developed and optimized SQL queries for relational databases, reducing data retrieval times by 25%.  

**Software Engineer**  
Web Application Development | 2016–2018  
- Contributed to the development of a high-traffic e-commerce platform, focusing on back-end services using Java and Spring Framework.  
- Collaborated in an Agile environment to implement test-driven development, resulting in a 40% decrease in production bugs.  
- Enhanced existing database structures and optimized queries, improving overall application efficiency.  

**Education**  
B.S. in Computer Science  

**Skills**  
Java, Spring, Spring Boot, Hibernate, RESTful web services, SQL, relational databases, test-driven development, object-oriented programming, Agile methodologies, problem-solving, analytical skills."
1,"**Summary**  
Experienced Principal Data Scientist with over 12 years in the biotech and pharmaceutical sectors, specializing in biostatistics and clinical development. Proven expertise in statistical analysis, study design, and regulatory submissions, with strong skills in SAS and R programming.

**Experience**  
**Senior Biostatistician, Pharmaceutical Industry**  
2011–2023  
- Developed comprehensive statistical analysis plans and randomization schemas for multiple clinical trials, enhancing study design efficiency and data integrity.  
- Collaborated with cross-functional teams to produce high-quality statistical reports and contributed to successful regulatory submissions, ensuring compliance with CDISC standards.  
- Oversaw biometrics vendors to ensure timely delivery and quality of statistical deliverables, leading to improved project outcomes.

**Biostatistician, Medical Research**  
2009–2011  
- Conducted statistical analyses for clinical studies, focusing on data quality and interpretation, which supported key decision-making processes in trial management.  
- Implemented SAS programming techniques, including macros and ODS, to streamline data processing and reporting, increasing productivity by 25%.  
- Assisted in the development of clinical trial protocols and contributed to the preparation of regulatory documentation, ensuring alignment with industry standards.

**Education**  
M.S. in Biostatistics  
B.S. in Statistics  

**Skills**  
SAS (SAS/BASE, SAS Macros, SAS/Stat, ODS), R, CDISC, SDTM, ADaM, statistical analysis, clinical trial design, regulatory submissions, project management, data quality assurance, communication skills."
2,"**Summary**  
Dedicated Systems Engineer with over 4 years of experience in server administration and network technologies, specializing in Windows Server environments. Proven expertise in troubleshooting, configuration, and technical documentation, coupled with strong communication and teamwork skills.

**Experience**  
Systems Engineer, Information Technology  
2019–Present  
- Implemented and managed Windows Server technologies, including Active Directory and Hyper-V, enhancing system reliability and performance.  
- Developed technical documentation and project scopes for pre-sales consulting, improving client engagement and project clarity.  
- Provided technical support and troubleshooting for Remote Desktop Services and Failover Clustering, reducing downtime by 30%.

IT Support Specialist, Technical Services  
2017–2019  
- Configured and maintained server environments while scripting automated solutions using PowerShell, streamlining operational processes.  
- Collaborated with cross-functional teams to deploy and configure peripheral devices, ensuring seamless integration with existing infrastructure.  
- Assisted in the implementation of security measures, including the management of WatchGuard firewalls, enhancing network security.

**Education**  
B.S. in Information Technology  

**Skills**  
Windows Server, Active Directory, Hyper-V, Remote Desktop Services, Failover Clustering, PowerShell, Technical Documentation, Troubleshooting, Network Configuration, WatchGuard Firewalls."
3,"**Summary**  
DevOps Engineer with over 8 years of experience in automating infrastructure and enhancing platform security in high-stakes environments. Proficient in Infrastructure as Code using Ansible and Terraform, with a strong focus on monitoring and reliability solutions. Demonstrated ability to lead technical projects and mentor junior engineers while collaborating effectively across teams.

**Experience**  

**Senior DevOps Engineer**  
2019–2023  
- Developed and maintained Infrastructure as Code automation using Ansible and Terraform, significantly reducing deployment times by 30%.  
- Created and optimized monitoring dashboards with DataDog, improving incident response times and system reliability.  
- Provided technical leadership and mentorship to a team of 5 junior engineers, enhancing their skills in automation and security best practices.  

**DevOps Engineer**  
2015–2019  
- Managed Linux servers in high-security environments, implementing automated solutions that enhanced platform security and compliance.  
- Collaborated with cross-functional teams to resolve technical issues, leading to a 25% increase in system uptime.  
- Participated in code reviews and contributed to the development of an automated secrets management system using Hashicorp Vault.

**Education**  
B.S. in Computer Science  

**Skills**  
Ansible, Terraform, Linux, DataDog, Hashicorp Vault, Infrastructure as Code, monitoring tools, automated solutions, security best practices, mentoring, cross-functional collaboration, problem-solving."
4,"**Summary**  
Seasoned .NET Developer with over 10 years of experience in architecting and developing enterprise-level applications. Proficient in C#, .NET, and SQL, with a strong background in front-end technologies such as Angular and React. Demonstrated ability to lead projects from conception through documentation, particularly in the AI and FinTech sectors.

**Experience**  

**Senior .NET Developer**  
Software Development  
2013–Present  
- Led the development of scalable enterprise applications, utilizing C# and .NET frameworks, resulting in a 30% increase in system performance.  
- Architected solutions integrating SQL and NoSQL databases, including MongoDB, enhancing data retrieval efficiency by 25%.  
- Collaborated with cross-functional teams to document project specifications and maintain comprehensive technical documentation.

**.NET Developer**  
Technology Solutions  
2010–2013  
- Developed and maintained web applications using ASP.NET and Angular, contributing to a 40% reduction in application load times.  
- Implemented database solutions with SQL Server and DocumentDB, optimizing data management processes.  
- Engaged in agile development practices, improving team productivity and project delivery timelines.

**Education**  
B.S. in Computer Science  

**Skills**  
C#, .NET, SQL, Angular, React, MongoDB, DocumentDB, Agile methodologies, Technical documentation, AI, FinTech, Software architecture"
5,"**Summary**  
Dynamic UX Designer Lead with over 8 years of experience in creating engaging digital experiences for both commercial and public sector clients. Proven expertise in user research, UI design, and strategic consultation, with a strong focus on human-centered design methodologies and stakeholder engagement.

**Experience**  
**Senior UX/UI Designer, Consulting Services**  
2015–2023  
- Led a team of designers to deliver innovative UI solutions for government projects, enhancing user satisfaction by 30% through iterative design processes.  
- Conducted comprehensive user research and usability testing, translating findings into actionable design improvements that increased engagement metrics across various platforms.  
- Collaborated with cross-functional teams to align business objectives with user needs, resulting in successful project outcomes and increased client retention.

**UX Design Consultant, Digital Solutions**  
2013–2015  
- Developed user-centric designs for web and mobile applications, utilizing tools like Figma and InVision to streamline the design workflow and improve project delivery timelines.  
- Engaged with stakeholders to gather requirements and present design concepts, fostering strong relationships that facilitated project buy-in and enhanced collaboration.  
- Implemented human-centered design principles that led to a 25% reduction in user errors and improved overall usability.

**Education**  
B.S. in Graphic Design  

**Skills**  
Figma, InVision, Adobe Creative Suite, User Research, Usability Testing, Human-Centered Design, Stakeholder Engagement, Business Analysis, Team Leadership, Agile Methodologies, Federal Government Projects."
6,"**Summary**  
Detail-oriented engineering student with hands-on experience in optical systems and software development. Proficient in Python programming and optical design, with a strong foundation in mechanical principles and sensor data processing.

**Experience**  
**Optical Systems Engineering Intern**  
2019–2023  
- Developed and implemented automated calibration processes for optical sensors, improving accuracy and efficiency in 3D printing applications.  
- Wrote Python scripts for controlling motorized positioning equipment and managing sensor data collection, leading to a 30% reduction in calibration time.  
- Collaborated with cross-functional teams to validate system performance and integrate software with hardware components, ensuring seamless operation.

**Research Assistant, Optical Design**  
2021–2023  
- Assisted in the design and optimization of optical systems using Zemax, contributing to parameter extraction and system validation.  
- Conducted unit testing for software modules, enhancing reliability and performance of optical calibration tools.  
- Engaged in weekly team meetings to discuss project progress and troubleshoot technical challenges, fostering effective teamwork and communication.

**Education**  
B.S. in Mechanical Engineering  
University of Technology, Expected Graduation: May 2024

**Skills**  
Python, Zemax, Optical Design, Sensor Data Processing, Automated Calibration, Mechanical Principles, Unit Testing, Motorized Positioning Systems, Team Collaboration"
7,"**Summary**  
Detail-oriented Java Full Stack Developer with over 4 years of experience in designing and deploying scalable applications using Java and Spring frameworks. Proficient in implementing event-driven architectures and microservices, with a strong background in AWS cloud services and DevOps practices.

**Experience**  

**Java Full Stack Developer**  
Software Development  
2019–Present  
- Designed and developed robust Java applications using Spring Boot, enhancing application performance by 30% through efficient coding practices.  
- Implemented Kafka for real-time data processing, leading to improved system responsiveness and reduced latency in event-driven architectures.  
- Deployed microservices on AWS, utilizing EC2, S3, and Lambda, which streamlined application deployment processes and reduced costs by 20%.

**Software Engineer**  
Technology Solutions  
2018–2019  
- Collaborated in an Agile environment to develop RESTful APIs, improving integration with front-end applications and reducing response times by 25%.  
- Utilized Docker and Kubernetes for containerization, facilitating seamless application deployment and scaling, which enhanced development workflows.  
- Contributed to CI/CD pipeline implementations using Git and JIRA, increasing deployment frequency and reducing integration issues.

**Education**  
B.S. in Computer Science  
M.S. in Software Engineering (in progress)

**Skills**  
Java, Spring Boot, Spring Batch, Kafka, AWS (EC2, S3, Lambda, RDS), Microservices, RESTful APIs, Docker, Kubernetes, Agile methodologies, DevOps, MySQL, PostgreSQL, MongoDB, CI/CD, Git, JIRA"
8,"**Summary**  
Detail-oriented Transformation Data Analyst with over 10 years of experience in financial services and project management. Proven expertise in data quality improvement, governance processes, and automation of reporting workflows. Proficient in utilizing advanced data analytics tools to enhance operational efficiency and compliance.

**Experience**  

**Transformation Data Analyst - Financial Services**  
2019–Present  
- Developed and maintained a centralized SharePoint site, streamlining data access and enhancing collaboration among teams.  
- Automated reporting processes using KNIME and Excel VBA, resulting in a 30% reduction in manual data handling and improved accuracy in regulatory reporting.  
- Analyzed remediation progress and implemented governance processes that improved data quality metrics by 25%.

**Data Analyst - Financial Services**  
2013–2019  
- Conducted in-depth analysis of loan data hierarchies, ensuring compliance with regulatory standards and improving data integrity.  
- Designed and executed SQL queries for data extraction and reporting, facilitating timely insights for stakeholders.  
- Collaborated with cross-functional teams to implement the Optima Cognos Reporting Tool, enhancing reporting capabilities and user experience.

**Education**  
B.S. in Finance  

**Skills**  
KNIME, SharePoint, Microsoft Office (VBA, Excel), SQL, relational database management, Microsoft Access, Lynx UI, Optima Cognos Reporting Tool, data extraction from Data Globe, data governance, financial data analysis."
9,"**Summary**  
Dynamic Senior Network Engineer with over 15 years of experience in designing and implementing large-scale network infrastructures. Proficient in Ethernet technologies, IP routing protocols, and network security concepts, with a proven track record of optimizing network performance and reliability.

**Experience**  
**Senior Network Engineer, Financial Services**  
2018–Present  
- Designed and implemented robust network architectures ensuring secure separation between production and non-production environments, enhancing overall security posture.  
- Managed and maintained network infrastructure using Cisco Nexus 9000 Series and Arista EOS, achieving a 99.9% uptime and improving network efficiency through effective troubleshooting and monitoring.  
- Led cross-functional teams in Agile-Kanban projects utilizing JIRA, fostering collaboration and timely project delivery.

**Network Engineer, Technology Vendor**  
2010–2018  
- Spearheaded the deployment of multicast routing protocols (PIM, IGMP) and IP routing protocols (OSPF, BGP), significantly improving data flow and network scalability.  
- Administered network segmentation and virtualization across multiple environments, leveraging tools like Wireshark and Splunk for performance analysis and troubleshooting.  
- Developed automation scripts using Python and Ansible, reducing manual configuration time by 30%.

**Education**  
B.S. in Computer Science

**Skills**  
Ethernet (STP, 802.1Q, VPC), IP Routing (RIP, OSPF, BGP, MPBGP), Multicast Routing (PIM, IGMP), Cisco Nexus 9000 Series, Arista EOS, Network Segmentation, UNIX/Linux, Python, Ansible, JIRA, Microsoft Visio, Word, Excel, Outlook, Wireshark, Infoblox, Splunk, SDN, SDWAN, DMVPN, VMware, Defense in Depth, Zero Trust Networking, CCIE, CISSP."
10,"**Summary**  
Results-driven Software Engineer with over 5 years of experience in configuring and modernizing insurance systems, particularly with Oracle Insurance Policy Administration (OIPA). Proficient in Java, Python, and JavaScript frameworks, possessing strong analytical skills and a proven ability to enhance communication strategies through digital channels.

**Experience**  
**Software Engineer, Insurance Technology**  
2018–Present  
- Led the configuration and testing of the OIPA system, improving policyholder communication through a digital omnichannel strategy.  
- Developed and integrated an AWS-hosted User Initiated Communication tool, enhancing user engagement and operational efficiency.  
- Collaborated on modernization projects utilizing containerization technologies such as Docker and Kubernetes, streamlining deployment processes.

**Junior Software Developer, Financial Services**  
2016–2018  
- Assisted in the development of web applications using React and Angular, contributing to a 30% increase in user satisfaction ratings.  
- Implemented continuous delivery pipelines using YAML and Bash, which reduced deployment times by 25%.  
- Supported the integration of GitLab for version control, improving team collaboration and code quality.

**Education**  
B.S. in Computer Science  

**Skills**  
OIPA, Java, Python, React, Angular, Docker, Kubernetes, AWS, YAML, GitLab, Agile methodologies, Life Insurance products, problem-solving, communication."
11,"**Summary**  
Results-driven Fullstack Developer with over 5 years of experience in application delivery using .NET and JavaScript technologies. Proven expertise in cloud environments, particularly Azure, and a strong background in mentoring teams and ensuring code quality through rigorous review processes.

**Experience**  
**Fullstack Developer**  
Software Development | 2018–Present  
- Spearheaded the translation of business requirements into technical specifications, leading to a 30% improvement in project delivery timelines.  
- Mentored junior developers, enhancing team performance and fostering a collaborative environment that improved overall code quality.  
- Collaborated with cross-functional teams during scrum meetings to strategize project completion, successfully resolving over 95% of production issues within SLA.

**Junior Developer**  
Web Development | 2016–2018  
- Assisted in the development and deployment of cloud-based applications using Azure services, contributing to a streamlined CI/CD pipeline in Azure DevOps.  
- Conducted thorough code reviews, ensuring adherence to security standards and best practices, which reduced vulnerabilities by 40%.  
- Implemented unit testing frameworks (xUnit, JEST) that improved application reliability and reduced bug rates by 25%.

**Education**  
B.S. in Computer Science

**Skills**  
C#, JavaScript, TypeScript, SQL, .NET Core, React, GraphQL, Azure (EntraID, Functions, Web Apps), Azure DevOps, Visual Studio, Visual Studio Code, SQL Server Management Studio, xUnit, nUnit, JEST, N-Tier Architecture, SOLID principles, Design Patterns, Microservices Architecture, Domain Driven Design, SCRUM, Agile methodologies."
12,"**Summary**  
Results-driven DevOps Engineer with over 5 years of experience in cloud migration and enterprise application support within the financial services sector. Proficient in designing and implementing CI/CD pipelines using GitHub, Sonatype, and SonarQube to enhance development workflows and ensure code quality.

**Experience**  
**DevOps Engineer, Financial Services**  
2018–2023  
- Designed and implemented a robust CI/CD pipeline utilizing GitHub, resulting in a 30% reduction in deployment times and improved release frequency.  
- Managed the integration of Sonatype and SonarQube into existing workflows, enhancing code quality and security compliance across multiple teams.  
- Spearheaded cloud migration projects, optimizing infrastructure and reducing operational costs by 20% through efficient resource allocation.

**DevOps Engineer, Technology Solutions**  
2016–2018  
- Led the transition to a microservices architecture, utilizing GitHub for version control and collaboration, which improved team productivity by 25%.  
- Developed automated testing and deployment processes with SonarQube, ensuring high-quality code delivery and minimizing production issues.  
- Collaborated with cross-functional teams to align DevOps practices with business objectives, enhancing overall system performance and reliability.

**Education**  
B.S. in Computer Science

**Skills**  
GitHub, Sonatype, SonarQube, CI/CD, Cloud Migration, Microservices, Automation, Infrastructure as Code, Agile Methodologies, Docker, Kubernetes"
13,"Summary  
Detail-oriented Software Engineering student with hands-on experience in AI application development and a solid foundation in programming languages including Python, C, and C++. Proven ability to contribute to innovative projects in security and transportation sectors, leveraging strong analytical and problem-solving skills.

Experience  
Software Engineering Intern, Technology Solutions  
2022–2023  
- Developed and tested a cloud-based application for real-time data analysis in transportation systems, enhancing operational efficiency by 20%.  
- Collaborated with a team to design and implement APIs for data integration, utilizing SQL and MapReduce for optimized data processing.  
- Participated in Agile development cycles, contributing to sprint planning and code reviews, ensuring adherence to Object-Oriented Programming principles.

Research Assistant, University Research Lab  
2021–2022  
- Assisted in the development of AI algorithms for predictive modeling in security applications, leading to a 15% improvement in threat detection accuracy.  
- Engaged in hands-on projects involving DevOps practices, including CI/CD pipeline setup and cloud deployment, fostering a collaborative research environment.  
- Conducted literature reviews and presented findings on autonomous systems, enhancing the lab's knowledge base and research direction.

Education  
B.S. in Computer Science  
University of Tennessee, Knoxville, Expected May 2024  

Skills  
Python, C, C++, SQL, DBMS, MapReduce, Cloud Computing, DevOps, Object-Oriented Programming, Agile Methodologies, API Development, Application Development"
14,"**Summary**  
Accomplished Full Stack Java Developer with over 12 years of experience in designing and implementing robust applications using Java and Spring Boot. Proficient in developing RESTful APIs and integrating microservices architecture while ensuring web security and database management.

**Experience**  
**Senior Full Stack Developer**  
2011–2023  
- Developed and maintained web applications using Java/J2EE and Spring Boot, enhancing performance and scalability through microservices architecture.  
- Implemented RESTful APIs and managed database schema using Liquibase, leading to a 30% reduction in deployment time.  
- Migrated existing Vue.js applications to newer frameworks and integrated Java applications with AWS services, improving cloud functionality and security.

**Full Stack Java Developer**  
2009–2011  
- Collaborated on full-cycle software development projects utilizing JHipster for rapid application development and Maven for efficient project management.  
- Enhanced user interfaces with Vue.js 2, leading to improved user satisfaction scores by 25%.  
- Integrated Azure Active Directory for secure authentication and authorization, ensuring compliance with industry standards.

**Education**  
B.S. in Computer Science

**Skills**  
Java, J2EE, Spring Boot, RESTful APIs, Microservices, Liquibase, JHipster, Maven, Vue.js 2, AWS, Microsoft Azure, Azure Active Directory, Azure Storage, Python, Web Security Principles."
15,"**Summary**  
Detail-oriented Software Engineer with 4 years of experience in developing scalable applications using Python and Node.js. Proven ability to manage multiple projects simultaneously and collaborate effectively in hybrid work environments.

**Experience**  
**Software Developer**  
2019–2023  
- Designed and implemented RESTful APIs using Python and Node.js, enhancing application performance and scalability.  
- Collaborated with cross-functional teams to deliver software solutions on time, improving project delivery efficiency by 30%.  
- Led the migration of legacy systems to modern architectures, resulting in a 25% reduction in operational costs.

**Junior Software Engineer**  
2018–2019  
- Assisted in the development of web applications with a focus on user experience and functionality using Python and Node.js.  
- Conducted code reviews and contributed to team knowledge-sharing sessions, fostering a culture of continuous improvement.  
- Supported project management efforts by tracking progress and providing regular updates to stakeholders.

**Education**  
B.S. in Computer Science

**Skills**  
Python, Node.js, RESTful APIs, Agile methodologies, Git, Docker, SQL, JavaScript, HTML/CSS"
16,"**Summary**  
Results-driven Data Scientist with over 5 years of experience in analyzing complex datasets to derive actionable insights. Proficient in machine learning, statistical analysis, and software development, with a strong focus on national security applications. Skilled in collaborating with diverse stakeholders to develop innovative solutions in data-driven environments.

**Experience**  
**Senior Data Scientist, National Security Industry**  
2018–Present  
- Designed and implemented machine learning models to analyze large-scale datasets, improving predictive accuracy by 30% for national security applications.  
- Developed data integration pipelines that streamlined data cleaning processes, reducing processing time by 40%.  
- Collaborated with military and government officials to deliver insights that informed strategic decision-making in nuclear nonproliferation initiatives.

**Data Scientist, Technology Solutions**  
2016–2018  
- Conducted exploratory data analysis and pattern recognition on geospatial datasets, which led to the identification of key trends impacting national security.  
- Utilized Python and PyTorch to build and optimize algorithms for natural language processing applications, enhancing data interpretation capabilities.  
- Participated in cross-functional teams to deliver data-driven solutions, ensuring alignment with organizational goals and compliance requirements.

**Education**  
M.S. in Data Science  
B.S. in Computer Science  

**Skills**  
Python, Scala, Java, C++, PyTorch, machine learning, natural language processing, geospatial intelligence, predictive modeling, data integration, statistical analysis, software development."
17,"**Summary**  
Results-driven Network Engineer with over 7 years of experience specializing in Customer Premises Equipment (CPE) and Optical Network Units (ONU). Proven expertise in certifying and optimizing fiber optics systems, including Optical Line Terminals (OLT) and Passive Optical Networks (PON).

**Experience**  

**Network Engineer**  
Telecommunications Industry  
2016–2023  
- Led the certification process for CPE and ONU, ensuring compliance with industry standards and enhancing system reliability.  
- Collaborated with cross-functional teams to deploy and optimize PON technologies, resulting in a 30% increase in network efficiency.  
- Developed and implemented troubleshooting protocols that reduced downtime by 25%, improving service delivery for customers.

**Network Technician**  
Telecommunications Industry  
2013–2016  
- Assisted in the installation and maintenance of fiber optics systems, focusing on OLT configuration and performance tuning.  
- Conducted field tests and performance evaluations of optical networks, contributing to the successful rollout of new service offerings.  
- Provided technical support and training to junior engineers, enhancing team capability in handling complex network issues.

**Education**  
B.S. in Electrical Engineering

**Skills**  
CPE, ONU, Optical Line Terminals (OLT), Passive Optical Networks (PON), fiber optics, network troubleshooting, system certification, telecommunications standards, project management"
18,"**Summary**  
Detail-oriented DevOps Software Engineer with over 6 years of experience in software development and a strong focus on cybersecurity. Proficient in leveraging Python for data transformation and API integration, with a solid understanding of the software development lifecycle and agile methodologies.

**Experience**  

**DevOps Software Engineer**  
2017–Present  
- Led software development projects, ensuring adherence to security protocols while conducting thorough testing and debugging of applications.  
- Collaborated with data scientists to capture and analyze cyber knowledge, utilizing Python to access APIs and transform data into JSON format for further processing.  
- Developed and maintained documentation for software systems, enhancing maintainability and user understanding.  

**Software Engineer**  
2015–2017  
- Designed and implemented software solutions that improved data handling and processing efficiency within the cybersecurity domain.  
- Utilized Jupyter Notebooks for data analysis and visualization, supporting team efforts in cyber knowledge development.  
- Managed version control and collaborative coding efforts using GitLab, ensuring seamless integration of software updates.  

**Education**  
M.S. in Computer Science  

**Skills**  
Python, JSON, Jupyter Notebooks, GitLab, JavaScript, TypeScript, Cybersecurity, MITRE ATT&CK framework, Agile methodologies, API integration."
19,"**Summary**  
Detail-oriented Software Engineering student with hands-on experience in back-end web development and a strong foundation in Computer Science principles. Proficient in node.js and collaborative programming, with a demonstrated ability to solve complex problems and communicate effectively in team settings.

**Experience**  
**Software Development Intern**  
2022–2023  
- Collaborated with senior engineers to develop and enhance web applications, focusing on back-end functionalities using node.js and Express.js.  
- Participated in code reviews and contributed to debugging processes, improving application performance by 20%.  
- Engaged in team meetings to discuss project requirements and provide insights on potential solutions, fostering a collaborative work environment.

**Web Development Intern**  
2021–2022  
- Assisted in the design and implementation of user-friendly web interfaces, ensuring seamless integration with back-end services.  
- Developed RESTful APIs to support front-end functionalities, enhancing the overall user experience.  
- Conducted testing and troubleshooting of web applications, leading to a 15% reduction in reported bugs.

**Education**  
B.S. in Computer Science  
Expected Graduation: 2024  

**Skills**  
node.js, Express.js, RESTful APIs, web design, networking, JavaScript, HTML, CSS, problem-solving, collaboration, analytical thinking"
20,"**Summary**  
Results-driven Machine Learning Engineer with over 4 years of experience in designing and optimizing recommendation systems for e-commerce platforms. Proficient in leveraging advanced algorithms and deep learning frameworks to enhance user engagement and shopping experiences.

**Experience**  
**Machine Learning Engineer, E-Commerce**  
2019–Present  
- Developed and optimized algorithms for a large-scale recommendation system, increasing user engagement by 30% through personalized product suggestions.  
- Built user interest models using TensorFlow and PyTorch, achieving a 25% improvement in accuracy for candidate generation and ranking.  
- Collaborated with cross-functional teams to implement big data solutions using Spark, enhancing data processing efficiency by 40%.

**Data Scientist, E-Commerce Analytics**  
2018–2019  
- Designed predictive models that improved conversion rates by 15% through targeted advertising strategies.  
- Conducted A/B testing and analysis to refine recommendation algorithms, resulting in a 20% increase in user retention.  
- Published findings on recommendation systems in relevant conferences, contributing to the advancement of e-commerce analytics.

**Education**  
B.S. in Computer Science  
University of Technology

**Skills**  
Python, Java, C++, R, TensorFlow, PyTorch, MXNet, Apache Spark, Machine Learning Algorithms, Recommendation Systems, Big Data Frameworks, A/B Testing, Predictive Modeling"
21,"**Summary**  
Detail-oriented Data Engineer with over 3 years of experience in designing and implementing robust data architectures and ETL processes. Proficient in managing high-volume data systems and ensuring data quality to drive business insights. Strong expertise in Azure Databricks, Python, SQL, and data modeling techniques.

**Experience**  
**Data Engineer**  
2019–2023  
- Developed and maintained data pipelines and data lakes, enabling seamless data flow and storage for analytics, resulting in a 30% improvement in data retrieval times.  
- Collaborated with data scientists to ensure compliance with data governance standards, enhancing data quality and reliability across projects.  
- Implemented CI/CD practices to streamline deployment processes, reducing time-to-market for data solutions by 25%.

**Junior Data Engineer**  
2017–2019  
- Assisted in the design and optimization of a data warehouse using Snowflake, which improved reporting efficiency by 40%.  
- Utilized PySpark for data transformation tasks, contributing to the successful integration of NoSQL systems into the existing data architecture.  
- Supported statistical modeling initiatives by providing clean and structured datasets, facilitating better decision-making for business stakeholders.

**Education**  
B.S. in Computer Science

**Skills**  
Azure Databricks, Python, SQL, PySpark, CI/CD, DevOps, Snowflake, NoSQL, Hadoop, data modeling, data warehousing, data governance, statistical modeling, effective communication."
22,"**Summary**  
Experienced Principal Power Systems Engineer with over 15 years in the utilities infrastructure sector, specializing in transmission, substation, and generation projects. Proven track record in managing technical teams, overseeing project lifecycles, and ensuring compliance with safety and technical excellence standards.

**Experience**  
**Senior Power Systems Engineer**  
Utilities Engineering | 2018–Present  
- Led multidisciplinary teams on complex transmission and substation projects, successfully delivering on time and within budget.  
- Developed and implemented technical specifications and reports, enhancing project documentation and stakeholder communication.  
- Conducted field assessments to validate system performance and compliance with safety regulations, resulting in a 20% reduction in operational incidents.

**Power Systems Engineer**  
Electrical Engineering Services | 2008–2018  
- Managed the design and analysis of electrical generation and distribution systems, contributing to over 30 successful project completions.  
- Collaborated with cross-functional teams to optimize AC/DC conversion processes, improving system efficiency by 15%.  
- Utilized advanced engineering software, including Revit and AutoCAD, to create detailed project designs and simulations.

**Education**  
M.S. in Electrical Engineering  
B.S. in Electrical Engineering  

**Skills**  
Power Systems Analysis, Electrical Generation, Transmission & Distribution, Project Management, Revit, AutoCAD, MicroStation, AC/DC Conversion, Technical Reporting, Team Leadership, Safety Compliance."
23,"**Summary**  
Results-driven Cloud Architect with over 6 years of experience in designing and implementing scalable AWS cloud solutions. Proficient in AWS services and cloud security, with a strong track record of optimizing environments and leading cross-functional teams. Experienced in leveraging AI and machine learning technologies to enhance cloud operations.

**Experience**  
Cloud Solutions Architect, IT Services  
2017–Present  
- Designed and implemented AWS infrastructure solutions, improving system scalability and security for multiple clients.  
- Collaborated with development and operations teams to establish best practices for AWS environments, resulting in a 30% reduction in deployment times.  
- Conducted comprehensive assessments of existing AWS setups and provided strategic recommendations that increased cost-efficiency by 25%.  

Cloud Engineer, Technology Consulting  
2015–2017  
- Developed and deployed cloud-based applications using AWS services, including EC2, S3, and RDS, ensuring high availability and performance.  
- Led pre-sales technical discussions, successfully demonstrating cloud solutions to clients, which contributed to a 40% increase in project acquisitions.  
- Implemented security protocols and compliance measures for AWS environments, enhancing data protection and regulatory adherence.  

**Education**  
B.S. in Computer Science  

**Skills**  
AWS (EC2, S3, RDS, VPC, IAM, Lambda, CloudFormation), Cloud Security, FinOps, AI, Machine Learning, Technical Leadership, Cross-Functional Collaboration, AWS Certified Solutions Architect, AWS Certified DevOps Engineer"
24,"**Summary**  
Results-driven Data Engineer with over 6 years of experience in building robust data pipelines and implementing cloud data warehouse solutions. Proficient in leveraging ETL tools and BI reporting to meet diverse business needs, with a strong focus on collaboration and mentoring within cross-functional teams.

**Experience**  
**Senior Data Engineer**  
Biotechnology Industry  
2018–Present  
- Led the implementation of a cloud data warehouse on Snowflake, optimizing data storage and retrieval processes across multiple business functions including sales, finance, and supply chain.  
- Designed and developed ETL pipelines using Fivetran and Airflow, ensuring efficient data ingestion from various source systems and enhancing reporting capabilities.  
- Collaborated with stakeholders to gather requirements and created comprehensive design documents, while mentoring junior engineers on best practices in data engineering.

**Data Engineer**  
Healthcare Sector  
2016–2018  
- Developed and maintained data pipelines utilizing Python, facilitating seamless batch and real-time data ingestion for analytics and reporting.  
- Implemented data modeling techniques based on Kimball methodology, improving data integrity and accessibility for business intelligence initiatives.  
- Partnered with cross-functional teams to identify reporting needs, delivering Power BI dashboards that provided actionable insights to management.

**Education**  
B.S. in Computer Science  

**Skills**  
Snowflake, Fivetran, DBT, Airflow, Python, Power BI, ETL, Data Warehousing, Data Modeling, Kimball, Data Vault, Batch Processing, Real-time Data Ingestion, Business Intelligence, Team Collaboration, Mentorship"
25,"**Summary**  
Detail-oriented Software Engineer with over 4 years of experience in developing and optimizing large-scale systems. Proficient in coding, system health diagnostics, and performance analysis, with a strong foundation in data structures and algorithms.

**Experience**  
**Software Engineer II, Cloud Infrastructure**  
2019–2023  
- Developed and maintained scalable software solutions, enhancing system performance and reliability across cloud platforms.  
- Participated in design reviews and code audits, ensuring adherence to best practices and improving overall code quality.  
- Collaborated with cross-functional teams to troubleshoot and resolve complex system issues, contributing to comprehensive documentation for system health.

**Software Engineer I, Application Development**  
2018–2019  
- Contributed to the development of user-friendly applications, focusing on accessibility and performance optimization.  
- Utilized debugging tools to identify and fix critical bugs, significantly reducing downtime and improving user satisfaction.  
- Engaged in regular code reviews and knowledge-sharing sessions, fostering a culture of continuous improvement within the team.

**Education**  
M.S. in Computer Science

**Skills**  
Python, Java, C++, distributed computing, algorithms, data structures, performance analysis, debugging, large-scale system design, UI design, artificial intelligence, natural language processing, documentation tools, software test engineering."
26,"**Summary**  
Detail-oriented Web Application Developer with over 3 years of experience in designing and maintaining robust web applications. Proficient in .NET technologies and skilled in troubleshooting issues across the application stack while collaborating effectively with team members to meet project requirements.

**Experience**  
**Web Application Developer** — Technology Sector  
*2019–2023*  
- Developed and maintained multiple web applications using C#, .NET Core, and MVC, ensuring high performance and responsiveness across various platforms.  
- Collaborated with cross-functional teams to gather requirements, resulting in the successful deployment of complex applications that improved user engagement by 30%.  
- Conducted troubleshooting and debugging across the application stack, including IIS and SQL Server, leading to a 25% reduction in reported issues.

**Junior Web Developer** — Finance Sector  
*2018–2019*  
- Assisted in the modification of existing code in ASP, ASP.Net, and VB.Net, enhancing application functionality and user experience.  
- Wrote SQL queries and managed databases using Microsoft SQL Server, improving data retrieval times by 15%.  
- Contributed to the evaluation and integration of third-party code, ensuring compliance with security standards and best practices.

**Education**  
B.S. in Computer Science

**Skills**  
Visual Studio .Net, C#, Java, .Net Core, MVC, SQL, IIS, ASP, ASP.Net, VB.Net, JSON, Microsoft SQL Server, Microsoft TFS/Azure DevOps"
27,"**Summary**  
Detail-oriented Software Engineer with over 5 years of experience in designing and implementing high-throughput distributed systems. Proficient in C++ and Python, with a strong background in multithreading, memory management, and data structures, alongside experience in cloud architecture and performance tuning.

**Experience**  
**Software Engineer – Distributed Systems**  
2018–2023  
- Designed and developed a distributed system capable of processing trillions of streaming data events daily, significantly enhancing data throughput and system reliability.  
- Collaborated with an agile team to optimize cloud and datacenter architecture, resulting in a 30% improvement in system performance through effective resource management and tuning.  
- Implemented multithreading solutions in C++17, ensuring efficient memory management and robust data handling across various applications.

**Software Developer – Cloud Applications**  
2016–2018  
- Developed scalable applications using Python and Golang, integrating with Apache Kafka for real-time data processing and leveraging Docker for containerization.  
- Enhanced system monitoring by implementing Grafana and Prometheus, improving visibility into application performance and reducing downtime by 25%.  
- Actively participated in code reviews and utilized Git for version control, fostering a collaborative development environment.

**Education**  
B.S. in Computer Science

**Skills**  
C++, Python, Java, Golang, Docker, Apache Kafka, RocksDB, Apache Zookeeper, Unix/Linux, Git, AWS (EC2, S3), Grafana, Prometheus, multithreading, memory management, data structures, distributed systems."
28,"**Summary**  
Dynamic Senior Director of DevOps Engineering with over 12 years of experience in leading development teams in the payments industry. Proven track record in driving architectural improvements, optimizing deployment processes, and fostering a culture of engineering excellence through mentorship and best practices.

**Experience**  

**Senior Director of DevOps Engineering**  
2018–Present  
- Spearheaded the development of high-availability enterprise applications, improving service uptime by 30% through enhanced microservices architecture and robust tooling.  
- Established and enforced software development best practices across multiple teams, resulting in a 25% reduction in deployment times and improved code quality.  
- Mentored engineering teams on Agile methodologies, facilitating cross-team collaboration and driving successful completion of complex integration projects.

**DevOps Manager**  
2015–2018  
- Managed a team focused on the implementation of CI/CD pipelines, leading to a 40% increase in deployment frequency and a significant decrease in rollback incidents.  
- Collaborated with product management to align development processes with business objectives, ensuring timely delivery of payment solutions.  
- Championed the use of Java, C#, and Golang in building scalable services, enhancing system performance and reliability.

**Education**  
M.S. in Computer Science  
Bachelor's degree in Information Technology  

**Skills**  
Java, C#, Golang, Spark, Microservices, Agile methodologies, CI/CD, DevOps practices, Cloud computing, Payment systems, Software development best practices, Team leadership, Project management."
29,"**Summary**  
Detail-oriented Network Engineer with over 5 years of experience in designing, implementing, and maintaining robust network infrastructures. Proficient in programming and managing a variety of networking devices and committed to ensuring high availability and performance across extensive electronic endpoints.

**Experience**  
**Network Engineer**  
Telecommunications Industry  
2018–Present  
- Developed and executed a multi-year device replacement strategy, successfully upgrading network hardware to enhance performance and reliability for over 7,000 endpoints.  
- Managed relationships with telecommunications providers, ensuring optimal service delivery and cost efficiency while implementing active-active network redundancy plans.  
- Employed modern chaos engineering techniques to test network resilience, improving overall system stability and reducing downtime.

**Junior Network Engineer**  
IT Services  
2016–2018  
- Assisted in the configuration and management of Cisco and Juniper routers and switches, contributing to a seamless network experience across multiple locations.  
- Collaborated with senior engineers to troubleshoot network issues, resulting in a 30% reduction in incident response time.  
- Participated in continuous learning initiatives, staying up-to-date with emerging wireless technologies and best practices.

**Education**  
B.S. in Computer Networking  
University of Technology  

**Skills**  
Cisco, Juniper, Extricom, F5, VMware, CCNA, CompTIA Network+, networking protocols, load balancing, telecommunications management, chaos engineering techniques, network redundancy planning."
30,"**Summary**  
Dedicated Sr. Java Developer with over 8 years of experience in backend development, specializing in J2EE and Jakarta EE technologies. Proven track record in designing and implementing robust backend systems for state projects, leveraging a strong proficiency in Spring Framework and transactional databases.

**Experience**  
**Senior Java Developer** — Software Development  
**2015–Present**  
- Developed and maintained backend systems for state-level projects, ensuring compliance with government standards and regulations.  
- Designed RESTful APIs and integrated them with various frontend applications, enhancing user experience and system efficiency.  
- Utilized Spring Boot and Spring Batch to streamline processes, resulting in a 30% reduction in processing time for data-intensive applications.  

**Java Developer** — IT Solutions  
**2013–2015**  
- Collaborated in a team to implement ORM solutions using Hibernate, improving data access performance and reducing code complexity.  
- Managed database interactions with SQL Server and Oracle, optimizing query performance and ensuring data integrity.  
- Engaged in version control practices using Git, facilitating smooth collaboration and code management within the development team.  

**Education**  
B.S. in Computer Science  

**Skills**  
Java 7/8, J2EE, Jakarta EE, Spring Framework (Spring Boot, Spring Integration, Spring Batch), RESTful web services, DB2, Oracle, SQL Server, MyBatis, Hibernate, JPA, OOP, Eclipse, Git, Bitbucket, Unix utilities, Bash, Python."
31,"**Summary**  
Dynamic Software Engineering Manager with over 7 years of experience in developing APIs and algorithms for augmented and mixed reality applications. Proven track record in mentoring teams, collaborating with cross-functional partners, and driving product strategies that enhance user experiences in multiplayer environments.

**Experience**  
**Software Engineering Manager, Augmented Reality**  
2018–Present  
- Led a team in the successful launch of public APIs that improved user engagement in AR applications, resulting in a 30% increase in active users.  
- Collaborated with technical program managers to establish a cohesive product vision, ensuring alignment with strategic goals and enhancing the end-to-end user experience.  
- Mentored individual contributors, fostering a culture of innovation and technical excellence, while overseeing the integration of advanced computer vision techniques.

**Senior Software Engineer, Machine Learning**  
2015–2018  
- Developed and deployed machine learning models for real-time people detection and friend-sharing features, enhancing user interaction in mixed reality environments.  
- Played a key role in creating product strategies that focused on system-level services, contributing to the overall success of collaborative features in AR applications.  
- Conducted thorough reviews of ML models, ensuring optimal performance and compliance with industry standards.

**Education**  
B.S. in Computer Science  
University of Technology  

**Skills**  
API Development, Augmented Reality, Mixed Reality, Machine Learning, Computer Vision, Team Leadership, Product Strategy, Embedded Systems, Android Development, ML Model Review, Cross-Functional Collaboration."
32,"**Summary**  
Results-driven Lead Data Scientist with over 5 years of experience in architecting and deploying machine learning solutions. Proficient in mentoring teams and delivering high-quality projects through agile methodologies, with a strong focus on travel distribution data analysis and model validation.

**Experience**  
**Lead Data Scientist, Travel Technology**  
2018–Present  
- Designed and implemented scalable machine learning algorithms for both batch and real-time data processing, improving model accuracy by 30%.  
- Mentored a team of junior data scientists and analysts, enhancing their technical skills and ensuring adherence to best practices through code reviews.  
- Collaborated with cross-functional teams to analyze travel-related data from Global Distribution Systems (GDS), leading to the development of innovative data-driven solutions.

**Data Scientist, E-Commerce**  
2016–2018  
- Developed and validated complex machine learning models using Python and Spark, resulting in a 25% increase in predictive accuracy for customer behavior analysis.  
- Conducted large-scale data analysis using Hadoop and Kafka, streamlining data processing workflows and reducing processing time by 40%.  
- Engaged with various stakeholders to deliver insights that enhanced understanding of market trends and customer preferences.

**Education**  
M.S. in Data Science  
B.S. in Computer Science  

**Skills**  
Python, Spark, Hadoop, Kafka, Machine Learning, Data Analysis, Statistical Analysis, Agile Methodologies, Big Data Technologies, Model Validation, GDS, NDC"
33,"**Summary**  
Detail-oriented Big Data Engineer with over 4 years of experience in designing and implementing robust big data solutions. Proficient in PySpark and skilled in solutions architecture, with a strong background in data processing frameworks such as Airflow and Hive.

**Experience**  
**Big Data Engineer**  
2019–Present  
- Designed and implemented scalable big data solutions, optimizing data pipelines that improved processing speeds by 30%.  
- Developed and maintained ETL processes using PySpark, resulting in enhanced data quality and accessibility for analytics teams.  
- Collaborated with cross-functional teams to architect solutions that aligned with business requirements and improved operational efficiency.

**Data Engineer**  
2018–2019  
- Built and managed data ingestion workflows using Apache Airflow and Hive, ensuring seamless data integration across various platforms.  
- Conducted performance tuning and optimization of existing data solutions, leading to a 25% reduction in query response times.  
- Assisted in the migration of legacy systems to cloud-based architectures, facilitating improved scalability and reliability.

**Education**  
B.S. in Computer Science  

**Skills**  
PySpark, Apache Airflow, Hive, Big Data Solutions, Data Architecture, ETL Processes, Data Pipeline Optimization, Cloud Technologies, SQL, Data Quality Assurance"
34,"**Summary**  
Experienced Azure Cloud Engineer with over 6 years in managing production Windows environments and optimizing Azure resources. Proficient in Infrastructure as Code (IaC) and automation practices, with a strong focus on cost management and consistent platform deployments.

**Experience**  
**Senior Azure Cloud Engineer**  
Cloud Computing Industry  
2018–Present  
- Led the design and implementation of Azure network entities, enhancing system performance and security across multiple production environments.  
- Developed and maintained Terraform modules for infrastructure deployment, achieving a 30% reduction in provisioning time through automation.  
- Implemented CI/CD pipelines using Azure DevOps, resulting in a 40% increase in deployment frequency and improved reliability of services.

**Azure Cloud Engineer**  
IT Services Industry  
2016–2018  
- Managed cloud resource optimization strategies, successfully reducing costs by 25% through effective monitoring and scaling of Azure resources.  
- Collaborated on container orchestration projects utilizing Docker and Kubernetes, improving application deployment efficiency and scalability.  
- Conducted advanced troubleshooting and performance tuning for Azure-hosted applications, ensuring high availability and compliance with security standards.

**Education**  
B.S. in Computer Science  

**Skills**  
Microsoft Azure, Terraform, Azure DevOps, Jenkins, Docker, Kubernetes, AKS, Azure AD, IAM, Web Application Firewalls, Infrastructure as Code (IaC), Cloud Security, Networking, Performance Tuning, Advanced Troubleshooting, ITIL Foundation (certified)."
35,"**Summary**  
Results-driven Senior Software Engineer with over 5 years of experience in software development and a strong focus on PHP programming. Proficient in building scalable SaaS applications using the Laravel framework and experienced in API design and implementation. Adept at collaborating with cross-functional teams and delivering high-quality code in an Agile environment.

**Experience**  

**Senior Software Engineer, SaaS Development**  
2019–Present  
- Led the development of end-to-end features for a security awareness training product, enhancing user engagement through improved functionality and user experience.  
- Designed and implemented RESTful APIs using a Spec-First approach, ensuring seamless integration between internal and external systems.  
- Collaborated with product and design teams to define project requirements, participate in story writing, and conduct estimation sessions, contributing to successful Agile sprints.

**Software Engineer, Web Applications**  
2016–2019  
- Developed and maintained multiple web applications using PHP and the Laravel framework, resulting in a 30% increase in application performance.  
- Implemented MySQL database solutions and optimized queries, leading to improved data retrieval times and application efficiency.  
- Utilized AWS services for deployment and scaling, enhancing application reliability and availability.

**Education**  
B.S. in Computer Science

**Skills**  
PHP, Laravel, TALL stack (Tailwind, Alpine, Laravel, Livewire), REST API development, MySQL, AWS, Git, Agile methodologies, software development, cross-functional collaboration."
36,"**Summary**  
Detail-oriented Embedded Software Engineer with over 5 years of experience in developing and optimizing embedded Linux applications. Proficient in C++ and dedicated to implementing software engineering best practices while collaborating effectively within cross-functional teams.

**Experience**  
**Embedded Software Engineer**  
2018–2023  
- Designed and implemented embedded Linux applications, enhancing system performance and reliability for advanced power generation solutions.  
- Collaborated with hardware engineers to debug Linux drivers and configure device trees, resulting in a 30% reduction in system boot time.  
- Developed emulators and unit tests for continuous integration, ensuring robust software quality and adherence to industry standards.

**Software Developer**  
2016–2018  
- Contributed to the development of real-time bare metal applications, optimizing control signal management for sensor data collection.  
- Tuned firewall settings and configured DNS mapping for new hardware, improving network security and communication efficiency.  
- Engaged in code reviews and team meetings to enhance the existing embedded platform, fostering a culture of continuous improvement.

**Education**  
B.S. in Computer Engineering

**Skills**  
Embedded Linux, C++, Linux drivers, device trees, continuous integration, unit testing, real-time applications, networking protocols, software engineering best practices, debugging, collaboration tools."
37,"**Summary**  
Detail-oriented Frontend Developer with over 4 years of experience in designing and developing user interfaces for cloud applications. Proficient in Vue.js, JavaScript, and integrating front-end components with cloud APIs, with a strong focus on performance optimization and collaboration in agile environments.

**Experience**  
**Frontend Developer, Cloud Solutions**  
2019–2023  
- Designed and implemented user interfaces for a Kubernetes-based web application, enhancing user experience through effective collaboration with UX designers and back-end engineers.  
- Developed scalable front-end components using HTML, CSS, and Vue.js, resulting in a 30% improvement in load times and user engagement metrics.  
- Integrated cloud infrastructure APIs and contributed to CI/CD pipeline processes, ensuring seamless deployment and high-quality code through comprehensive documentation of architecture and design decisions.

**Frontend Engineer, Software Development**  
2018–2019  
- Spearheaded the development of interactive web applications utilizing JavaScript (ES6+) and TailwindCSS, leading to increased customer satisfaction through intuitive design.  
- Collaborated with cross-functional teams to analyze data for optimizing cloud resource usage, resulting in a 20% reduction in operational costs.  
- Implemented UI testing strategies that improved overall application reliability and performance.

**Education**  
B.S. in Computer Science  

**Skills**  
Vue.js, JavaScript (ES6+), Kubernetes API, HTML, CSS, Node.js, Git, AWS, GCP, Azure, TypeScript, Pinia, TailwindCSS, Nuxt, Vite, CI/CD, UI Testing."
38,"**Summary**  
Results-driven Big Data Engineer with over 4 years of experience in data processing and management using the Hadoop ecosystem and Spark. Proficient in cloud platforms such as AWS, with a strong background in data migration projects and Agile methodologies.

**Experience**  

**Big Data Engineer**  
2019–Present  
- Developed and optimized data pipelines utilizing Spark and Hadoop, enhancing data processing efficiency by 30%.  
- Led a successful migration project to AWS, transitioning legacy systems to a cloud-based architecture with minimal downtime.  
- Collaborated in an Agile environment, implementing best practices for data processing and contributing to sprint planning and retrospectives.  

**Data Engineer**  
2018–2019  
- Designed and implemented data workflows using HiveQL and Spark SQL, improving query performance and reducing processing times.  
- Automated data ingestion processes through Shell scripting, resulting in a 20% increase in data availability for analytics.  
- Worked with Oozie to manage workflow scheduling and execution, ensuring timely data processing and reporting.

**Education**  
B.S. in Computer Science

**Skills**  
Spark, Hadoop, AWS, HiveQL, Spark SQL, Shell scripting, Java, Scala, Python, SQL, Oozie, Agile methodologies, data migration, automation"
39,"**Summary**  
Detail-oriented Software Engineer with over 5 years of experience in distributed systems and cloud computing. Proficient in Apache Flink and Spark Structured Streaming, with a strong background in AWS services and Kubernetes environments. Skilled in automation and optimization of cloud infrastructure, delivering scalable solutions.

**Experience**  

**Software Engineer**  
Cloud Computing Industry  
2018–2023  
- Developed and optimized data processing pipelines using Apache Flink and Spark, improving data throughput by 30%.  
- Implemented monitoring dashboards and alerting systems in Kubernetes environments on AWS, enhancing system reliability and reducing downtime by 25%.  
- Automated deployment processes and resource management, resulting in a 15% reduction in operational costs.

**Junior Software Engineer**  
Tech Solutions Firm  
2016–2018  
- Collaborated on cloud-based applications utilizing AWS services such as EC2, S3, and VPC, ensuring high availability and scalability.  
- Wrote scripts in Python for automating routine tasks, which streamlined workflows and improved team productivity.  
- Assisted in the migration of legacy systems to a microservices architecture, leveraging containerization with Kubernetes.

**Education**  
B.S. in Computer Science

**Skills**  
Apache Flink, Apache Spark, Kubernetes, AWS (EKS, EC2, S3, VPC, NLB, Ingress), Python, Java, Scala, Shell Scripting, Monitoring Dashboards, Automation, Distributed Systems"
40,"**Summary**  
Experienced full-stack developer with over 7 years of expertise in Java and Angular, specializing in Spring Framework and API integrations. Proven ability to deliver robust software solutions in the financial sector, leveraging modern development practices and tools.

**Experience**  

**Senior Java Angular Developer, Financial Services**  
2016–2023  
- Developed and maintained enterprise-level applications using Java, Angular 12+, and Spring Boot, enhancing user experience and system performance.  
- Led API integration projects, collaborating with cross-functional teams to streamline data flow and improve application responsiveness.  
- Implemented CI/CD pipelines using Jenkins and Ansible, reducing deployment times by 30% and increasing release frequency.

**Java Developer, Technology Solutions**  
2015–2016  
- Contributed to the design and development of microservices architecture, improving application scalability and maintainability.  
- Utilized Hibernate for ORM and managed Oracle database interactions, optimizing query performance and data integrity.  
- Assisted in the integration of Kafka streams for real-time data processing, enhancing system capabilities in handling large data volumes.

**Education**  
B.S. in Computer Science

**Skills**  
Java, Angular 12+, Spring Boot, Spring Batch, Hibernate, Oracle, Jenkins, Ansible, Quartz Scheduler, CSS, HTML, JavaScript, Kafka, Microservices, JBoss, Tomcat, Apache"
41,"**Summary**  
Results-driven Big Data Engineer with over 4 years of experience in designing and implementing scalable data solutions. Proficient in using Spark, Scala, and Hive to optimize data processing workflows and enhance data accessibility. Strong background in NoSQL databases and cloud computing technologies.

**Experience**  
Big Data Engineer, Technology Services  
2019–Present  
- Developed and optimized data pipelines using Spark and Scala, resulting in a 30% improvement in processing speed for large datasets.  
- Designed and implemented data storage solutions with Hive and NoSQL databases, including HBase and Cassandra, ensuring high availability and performance.  
- Collaborated with cross-functional teams to integrate BigQuery for advanced data analytics, enhancing reporting capabilities.

Data Engineer, Data Analytics  
2018–2019  
- Assisted in the migration of legacy systems to a Hadoop ecosystem, improving data processing efficiency by 25%.  
- Created and maintained ETL processes using Spark and Hive, streamlining data ingestion and transformation workflows.  
- Implemented data quality checks and monitoring tools, reducing data discrepancies by 15%.

**Education**  
B.S. in Computer Science

**Skills**  
Spark, Scala, Hive, Hadoop, Yarn, MapR DB, HBase, Cassandra, BigQuery, cloud computing, data pipeline development, ETL processes, data analytics"
42,"**Summary**  
Detail-oriented Data Analyst with over 5 years of experience in requirement gathering, data analysis, and documentation. Proficient in Agile methodology and skilled in writing user stories and creating detailed system design documents. Strong analytical skills complemented by effective communication abilities across all organizational levels.

**Experience**  
**Data Analyst**  
2018–Present  
- Led requirement gathering sessions to define business needs, resulting in a 20% increase in project efficiency through improved documentation practices.  
- Developed and maintained functional and detailed system design documents, facilitating seamless communication between stakeholders and development teams.  
- Collaborated with cross-functional teams to create user stories and roadmaps, ensuring alignment with project goals and Agile principles.  

**Business Analyst**  
2016–2018  
- Conducted comprehensive analysis across all phases of testing, including system, integration, and user acceptance testing, which enhanced product quality and user satisfaction.  
- Created detailed use cases and test conditions that streamlined the testing process and reduced the time to market by 15%.  
- Engaged with leadership to present findings and recommendations, fostering informed decision-making and strategic planning.

**Education**  
M.S. in Data Science  

**Skills**  
Data Analysis, Requirement Gathering, Agile Methodology, User Stories, System Design Documentation, SDLC, Testing Phases, Use Cases, Communication Skills, Business Acumen, Roadmap Planning"
43,"**Summary**  
Seasoned Fullstack Developer with over 10 years of experience in e-commerce solutions, including 4+ years specializing in Elastic Path. Proficient in Java/J2EE web applications and skilled in enhancing eCommerce functionalities while maintaining system integrity and performance.

**Experience**  
**Senior Fullstack Developer, E-commerce Solutions**  
2019–Present  
- Led a team in implementing enhancements for the Elastic Path platform, significantly improving user experience and increasing transaction efficiency.  
- Managed troubleshooting and rollback processes for customizations on Elastic Path, ensuring minimal downtime and high availability for clients.  
- Developed and integrated RESTful API solutions, facilitating seamless connections between various eCommerce systems and third-party services.

**Fullstack Developer, Digital Commerce**  
2015–2019  
- Contributed to the development and maintenance of Elastic Path versions 7.x and 8.x, ensuring compliance with industry standards and best practices.  
- Spearheaded the transition to Spring Boot for several key projects, enhancing application performance and reducing load times.  
- Collaborated with cross-functional teams to triage issues, resulting in a 30% reduction in support tickets related to Elastic Path functionalities.

**Education**  
B.S. in Computer Science  

**Skills**  
Java, J2EE, Spring MVC, Spring Boot, Elastic Path 7.x, Elastic Path 8.x, RESTful APIs, eCommerce Solutions, Agile Methodologies, Team Leadership, Troubleshooting"
44,"**Summary**  
Accomplished Senior Java Software Engineer with over 9 years of experience in developing scalable applications using Java technologies. Proficient in Agile methodologies and skilled in leading teams to enhance software quality and operational efficiency.

**Experience**  
**Senior Java Software Engineer**  
Software Development, 2015–Present  
- Led a team in the design and implementation of microservices architecture, improving system performance and scalability by 30%.  
- Collaborated with the Jira administration team to customize workflows, resulting in a 25% increase in team productivity.  
- Conducted code reviews and training sessions, fostering a culture of continuous improvement and knowledge sharing within the team.

**Java Software Engineer**  
Information Technology, 2013–2015  
- Developed and maintained enterprise applications using JDK 1.8, Spring 3.x, and Hibernate 4.0, ensuring high availability and performance.  
- Implemented PLSQL scripts for large volume database operations, enhancing data retrieval times by 40%.  
- Participated in Agile ceremonies, effectively communicating progress and risks to stakeholders through detailed reports.

**Education**  
B.S. in Computer Science

**Skills**  
Java, Spring Boot, Hibernate, JPA, Angular 8+, jQuery, Ajax, Bootstrap, Agile methodologies, Microservices, PLSQL, JMS, Eclipse, XML, SOAP/REST Web Services, CI/CD (Jenkins, Liquibase), Object-Oriented Analysis and Design."
45,"**Summary**  
Detail-oriented Java Developer with over 5 years of experience in designing and developing high-performance trading systems. Proven ability to analyze and enhance existing software while collaborating effectively with cross-functional teams to meet business objectives.

**Experience**  
Java Developer, Financial Services  
2018–Present  
- Designed and implemented next-generation order management systems that improved transaction processing speed by 30%.  
- Collaborated with business analysts and stakeholders to gather requirements, ensuring alignment with user needs and regulatory standards.  
- Conducted code reviews and optimized existing software, resulting in a 25% reduction in system errors and improved maintainability.

Software Engineer, Technology Solutions  
2016–2018  
- Developed and maintained Java-based applications for financial services, focusing on performance and scalability.  
- Participated in Agile development processes, contributing to sprint planning and retrospectives to enhance team productivity.  
- Enhanced legacy systems by refactoring code and integrating new features, improving user experience and system reliability.

**Education**  
B.S. in Computer Science  
University of Technology

**Skills**  
Java, Spring Framework, Agile Methodologies, SQL, RESTful APIs, Git, Financial Services, Software Development Life Cycle (SDLC), Code Optimization, Team Collaboration"
46,"**Summary**  
Results-driven Senior Data Analyst with over 10 years of experience in data warehousing and ETL processes, specializing in healthcare analytics. Proficient in advanced SQL, with a strong ability to develop business and functional requirement documents to drive data-driven decision-making.

**Experience**  

**Senior Data Analyst — Healthcare Industry**  
2018–Present  
- Led the design and implementation of data warehousing solutions, enhancing data retrieval efficiency by 30%.  
- Developed and executed ETL processes to streamline data integration from multiple sources, improving data accuracy and accessibility.  
- Authored comprehensive business requirement documents (BRD) and functional requirement specifications (FRS) to facilitate project alignment with stakeholder objectives.

**Data Analyst — Healthcare Analytics**  
2013–2018  
- Conducted data profiling to assess data quality and identify areas for improvement, leading to a 25% reduction in data discrepancies.  
- Collaborated with cross-functional teams to map data sources to target systems, ensuring seamless data flow and compliance with regulatory standards.  
- Utilized advanced SQL to perform complex queries, enabling in-depth analysis and reporting on key performance metrics.

**Education**  
B.S. in Computer Science  

**Skills**  
Advanced SQL, ETL processes, Data warehousing, Data profiling, Business requirement documents (BRD), Functional requirement specifications (FRS), Code navigation, Healthcare analytics, Data mapping, Cross-functional collaboration."
47,"**Summary**  
Results-driven Senior Dotnet Developer with over 5 years of experience in software development, specializing in Object-Oriented Programming (OOP), .NET Core, and ASP.NET MVC. Proven ability to deliver high-quality solutions in collaborative team environments, with strong analytical and problem-solving skills.

**Experience**  
**Senior Dotnet Developer, IT Services**  
2018–Present  
- Led the development of multiple web applications using .NET Core and ASP.NET MVC, enhancing system performance and user experience for clients in the healthcare and finance sectors.  
- Collaborated with cross-functional teams to design and implement scalable software solutions, resulting in a 30% increase in project delivery efficiency.  
- Mentored junior developers on OOP principles and best coding practices, fostering a culture of continuous learning and improvement.

**Dotnet Developer, Software Development**  
2016–2018  
- Developed and maintained web applications with a focus on OOP methodologies, contributing to a 25% reduction in application bugs through rigorous testing and quality assurance processes.  
- Assisted in the migration of legacy systems to .NET Core, improving application speed and reliability, which led to enhanced client satisfaction.  
- Engaged in Agile development processes, participating in sprint planning and retrospectives to optimize project workflows.

**Education**  
B.S. in Computer Science

**Skills**  
.NET Core, ASP.NET MVC, Object-Oriented Programming, C#, SQL Server, Agile Methodologies, Problem Solving, Team Collaboration, Software Development Life Cycle (SDLC)"
48,"**Summary**  
Accomplished Staff Software Engineer with over 7 years of experience in backend development for large-scale SaaS platforms. Proficient in Ruby on Rails, Python, and Java, with a strong focus on enhancing developer experience and implementing scalable software delivery solutions. Adept at mentoring engineers and leading architectural design for performance optimization.

**Experience**  

**Staff Software Engineer, Backend (SaaS)**  
2016–2023  
- Led the architectural design and implementation of a next-generation CI/CD pipeline, improving deployment efficiency by 30%.  
- Established development standards and best practices that enhanced code quality and reduced technical debt across multiple teams.  
- Conducted comprehensive code reviews and provided mentorship, fostering a culture of continuous improvement and knowledge sharing.

**Software Engineer, Backend**  
2013–2016  
- Developed scalable backend services using Ruby on Rails and Java, contributing to a 25% increase in system performance and reliability.  
- Collaborated with cross-functional teams to transition to a service-oriented architecture, successfully integrating microservices for enhanced modularity.  
- Implemented observability metrics that improved monitoring and troubleshooting capabilities, leading to a 40% reduction in incident response times.

**Education**  
B.S. in Computer Science

**Skills**  
Ruby on Rails, Python, Java, Go, Test Driven Development, Continuous Integration, Continuous Delivery, AWS, Kubernetes, Postgres, CircleCI, ArgoCD, Argo Workflows, Typescript, Software Architecture, Code Review, Mentorship"
49,"**Summary**  
Experienced software developer and system architect with over 8 years in designing and implementing mobile core network solutions, particularly in 5G and cloud-native environments. Proficient in leading technical discussions, managing project plans, and fostering collaboration across diverse teams to deliver innovative communication solutions.

**Experience**  
**Senior Software Developer, Telecommunications**  
2018–Present  
- Architected and designed scalable mobile core network solutions, focusing on Oracle Communications Cloud Native Core, enhancing system performance by 30%.  
- Led a team in the implementation of CI/CD practices, reducing deployment times by 40% and improving overall project efficiency.  
- Collaborated with cross-functional teams to assess and integrate 3GPP 5G control plane functions, ensuring compliance with industry standards.

**Software Engineer, Cloud Solutions**  
2015–2018  
- Developed and maintained high-performance software systems using Java, Python, and Go, contributing to a 25% increase in system reliability.  
- Participated in scaled agile framework initiatives, effectively managing project timelines and delivering solutions that met client requirements.  
- Mentored junior developers, fostering a culture of continuous learning and improvement within the team.

**Education**  
B.S. in Computer Science  
University of Technology

**Skills**  
Java, C++, Python, SQL, Go, C, Cloud Architecture, 4G/5G Core Networks, Scaled Agile Framework, CI/CD, Telecommunications Standards, Software Architecture, Policy Management, Distributed Systems, Analytical Skills, Technical Leadership."
50,"**Summary**  
Detail-oriented SAP Data Analyst with over 5 years of experience in data conversion and maintenance across manufacturing, supply chain, and finance domains. Proven expertise in leading SAP project deliverables and advising on best practices for S/4 applications.

**Experience**  

**Senior SAP Data Analyst**  
Contract Role, 2020–Present  
- Spearheaded data migration projects within MFG and SCM areas, resulting in a 30% reduction in data discrepancies during go-live phases.  
- Developed comprehensive functional and technical specifications for SAP implementations, enhancing team understanding and execution of project goals.  
- Conducted thorough analyses of ECC/S4 field mappings and identified design gaps, providing actionable recommendations that improved system performance and user satisfaction.  

**SAP Data Analyst**  
Contract Role, 2018–2020  
- Managed data conversion processes and maintained data integrity across SAP modules, contributing to successful project launches and user training sessions.  
- Collaborated with cross-functional teams to ensure alignment on project deliverables, facilitating effective communication and project management.  
- Utilized SQL for in-depth data analysis, enhancing reporting capabilities and decision-making processes within the organization.

**Education**  
B.S. in Information Systems  

**Skills**  
SAP ECC, SAP S/4HANA, SQL, Data Analysis, Data Migration, Functional Specifications, Technical Specifications, Field Mapping, MFG, SCM, FIN, Project Management, Team Collaboration."
51,"**Summary**  
Results-driven Data Analyst with over 4 years of experience in data analytics and reporting within secure environments. Proficient in SQL and Kusto Query Language (KQL), with a strong background in developing visual reports and dashboards to support decision-making processes.

**Experience**  
**Data Analyst**  
2019–2023  
- Developed and maintained interactive dashboards and scorecards using Power BI, enhancing data visibility and operational efficiency for stakeholders.  
- Resolved reporting and incident tickets, ensuring timely delivery of analytics support and maintaining high levels of user satisfaction.  
- Coordinated with cross-functional teams to implement data models adhering to industry warehouse standards, improving data integrity and accessibility.

**Data Analyst**  
2018–2019  
- Operated and maintained data systems, supporting full lifecycle development and ensuring compliance with DISA Security Technical Implementation Guidelines (STIG).  
- Conducted analysis and remediation of security vulnerabilities, contributing to the enhancement of data security protocols within the organization.  
- Participated in change management processes, facilitating smooth transitions and updates to data systems.

**Education**  
B.S. in Computer Science  

**Skills**  
SQL, Kusto Query Language (KQL), Microsoft Power BI, Power Platform, VMWare Virtualization, Windows Server, Active Directory, Public Key Infrastructure, Exchange, SharePoint, BMC Remedy, Azure Cloud"
52,"**Summary**  
Results-driven Senior Machine Learning Engineer with over 5 years of experience in designing and implementing scalable machine learning applications. Proficient in Python and various ML frameworks, with a strong background in building optimized data pipelines and ensuring the performance of production models.

**Experience**  
**Machine Learning Engineer**  
2019–Present  
- Developed and deployed multiple machine learning models using TensorFlow and PyTorch, enhancing the accuracy of predictive analytics by 20%.  
- Collaborated closely with cross-functional teams to automate deployment processes, reducing model retraining time by 30%.  
- Constructed and optimized data pipelines using Apache Spark, improving data processing efficiency and model performance monitoring.

**Data Scientist**  
2016–2019  
- Designed and implemented data-intensive solutions leveraging distributed computing, significantly improving data analysis speed for large datasets.  
- Created automated testing frameworks for ML applications, ensuring high availability and reliability in production environments.  
- Engaged in continuous integration and deployment practices, leading to a 25% decrease in deployment-related issues.

**Education**  
B.S. in Computer Science

**Skills**  
Python, Scala, Java, TensorFlow, PyTorch, scikit-learn, Dask, Spark, AWS, Azure, Google Cloud, distributed computing, data pipelines, continuous integration, continuous deployment, Responsible AI, Explainable AI."
53,"**Summary**  
Dedicated Senior Java Developer with over 5 years of experience in application design and development, specializing in Java and cloud-native technologies. Proven track record of delivering high-quality software solutions in a DevOps environment while optimizing global tools platforms and addressing support requests effectively.

**Experience**  

**Senior Java Developer, Financial Services**  
**2018–Present**  
- Led the design and implementation of scalable Java applications, enhancing performance and user experience for a global tools platform.  
- Collaborated with cross-functional teams to address support requests and optimize business initiatives, resulting in a 30% reduction in response time.  
- Actively participated in cyber threat triage processes, improving system security and resilience against potential threats.

**Java Developer, Technology Solutions**  
**2016–2018**  
- Developed and maintained Java and JavaScript applications, contributing to a seamless integration of cloud-native technologies and improving system reliability.  
- Engaged with clients and senior management across multiple time zones to gather requirements and deliver tailored solutions, enhancing customer satisfaction.  
- Utilized SQL and Python for data analysis and reporting, driving informed decision-making within the team.

**Education**  
B.S. in Computer Science  

**Skills**  
Java, JavaScript, SQL, Python, AWS, DevOps, Cloud-native technologies, Agile methodologies, Cybersecurity, Application design, Software development"
54,"**Summary**  
Results-driven Senior DevOps Engineer with over 5 years of experience in software development and IT operations. Proficient in automating secure development life cycles, enhancing infrastructure, and optimizing deployment processes for enterprise applications.

**Experience**  
**Senior DevOps Engineer, Software Development**  
2018–Present  
- Developed and maintained automated infrastructure for a suite of digital products, significantly reducing deployment times by 30%.  
- Implemented Infrastructure as Code using Terraform and Ansible, improving consistency and scalability across environments.  
- Enhanced monitoring and reporting frameworks, leading to a 25% increase in KPI visibility and operational efficiency.

**DevOps Engineer, IT Operations**  
2016–2018  
- Spearheaded the migration to containerization technologies, utilizing Docker and Kubernetes to streamline application deployment and management.  
- Managed continuous integration/delivery pipelines with Jenkins and Azure DevOps, resulting in a 40% reduction in release cycles.  
- Administered both Linux and Windows systems, ensuring robust security and performance across all infrastructure components.

**Education**  
B.S. in Computer Science

**Skills**  
Terraform, Ansible, Docker, Kubernetes, Jenkins, Azure DevOps, Packer, Chef, Puppet, JFrog Platform, Maven, Gradle, NPM, Nuget, GitHub Actions, Linux, Windows"
55,"**Summary**  
Results-driven Cloud / .NET Developer with over 3 years of experience in designing and implementing cloud-based applications using .NET and Azure technologies. Proficient in backend development with a strong focus on Azure services and healthcare applications, leveraging extensive knowledge of HL7 standards.

**Experience**  
**Cloud Developer**  
2020–2023  
- Developed and maintained cloud applications using Azure Logic Apps, Azure Service Bus, and Azure Data Factory, enhancing system integration and data processing capabilities.  
- Collaborated with cross-functional teams to implement HL7 standards in healthcare applications, improving interoperability and data exchange.  
- Optimized backend services in .NET/C#, resulting in a 30% increase in application performance and reliability.

**Software Engineer**  
2019–2020  
- Designed and implemented solutions using Azure Event Grid and Kafka for real-time data processing, significantly reducing latency in data-driven applications.  
- Assisted in migrating legacy applications to cloud infrastructure, ensuring seamless integration with existing healthcare systems.  
- Contributed to the development of APIs in .NET that facilitated data access and manipulation, streamlining workflows in healthcare environments.

**Education**  
B.S. in Computer Science

**Skills**  
Azure Logic Apps, Azure Service Bus, Azure Data Factory, Azure Event Grid, .NET, C#, Snowflake, Kafka, BizTalk, HL7 Standards, Cloud Computing, Backend Development, Healthcare Applications"
56,"**Summary**  
DevOps Engineer with over 5 years of experience in infrastructure as code (IaC), software development, and continuous integration. Proficient in Linux system administration and configuration management tools, with a strong focus on enhancing IT project efficiency and reliability in remote environments.

**Experience**  
**DevOps Engineer**  
Contract Role | 2018–2023  
- Developed and maintained infrastructure as code using Terraform and CloudFormation, resulting in a 30% reduction in deployment times.  
- Implemented CI/CD pipelines using Jenkins and GitLab CI, significantly improving software delivery speed and quality.  
- Managed Linux server environments, optimizing system performance and ensuring high availability for critical applications.

**Systems Administrator**  
Full-Time Role | 2016–2018  
- Administered and configured systems using Ansible, enhancing configuration consistency and reducing manual errors by 40%.  
- Collaborated on the deployment of containerized applications with Docker and Kubernetes, facilitating scalable and efficient application management.  
- Provided troubleshooting and problem-solving support, improving system reliability and user satisfaction.

**Education**  
B.S. in Computer Science  

**Skills**  
Infrastructure as Code (IaC), Terraform, CloudFormation, Jenkins, GitLab CI, Linux Administration, Ansible, Docker, Kubernetes, Puppet, Networking Concepts, Problem-Solving, Remote Collaboration."
57,"**Summary**  
Detail-oriented Web Developer with over 4 years of experience in crafting efficient coding solutions for AI applications. Proficient in Python and JavaScript, with a strong background in evaluating code performance and accuracy. Adept at problem-solving and articulating complex coding concepts clearly.

**Experience**  
**Web Developer**  
2019–2023  
- Developed and optimized code snippets for AI chatbot functionalities, enhancing user interaction and response accuracy.  
- Evaluated and debugged AI-generated code, ensuring high standards of correctness and performance aligned with industry benchmarks.  
- Collaborated with cross-functional teams to refine coding problems, leveraging platforms like LeetCode for solution development and testing.

**Junior Software Engineer**  
2018–2019  
- Assisted in the design and implementation of web applications using HTML, CSS, and JavaScript, contributing to a 30% increase in user engagement.  
- Participated in code reviews and provided constructive feedback to improve code quality and maintainability.  
- Engaged in continuous learning to stay updated with the latest programming trends and technologies.

**Education**  
B.S. in Computer Science  
Expected Graduation: 2024

**Skills**  
Python, JavaScript, HTML, CSS, SQL, C++, problem-solving, code evaluation, AI chatbot development, LeetCode, HackerRank, Agile methodologies."
58,"**Summary**  
Detail-oriented Business Data Analyst with over 4 years of experience in business analysis and stakeholder management. Proficient in SQL for complex queries and skilled in Tableau for creating insightful dashboards to track product performance and identify gaps.

**Experience**  
**Business Data Analyst**  
2019–Present  
- Collaborated with cross-functional teams, including Product and Engineering, to analyze data tracking capabilities and identify performance gaps, leading to a 15% improvement in product efficiency.  
- Developed and maintained interactive dashboards in Tableau, enhancing data visibility and enabling stakeholders to make informed decisions based on real-time insights.  
- Conducted comprehensive business analysis using SQL to extract and manipulate large datasets, resulting in actionable recommendations that improved operational processes.

**Data Analyst**  
2018–2019  
- Assisted in the software development life cycle (SDLC) by providing data-driven insights during Agile and waterfall project phases, ensuring alignment with business objectives.  
- Created complex SQL queries to support data extraction and reporting needs, which streamlined the reporting process and reduced turnaround time by 20%.  
- Engaged with stakeholders to gather requirements, translating business needs into technical specifications for data visualization projects.

**Education**  
B.S. in Business Analytics

**Skills**  
SQL, Tableau, Data Visualization, Business Analysis, Stakeholder Management, SDLC, Agile Methodologies, Waterfall Methodologies, Data Manipulation, Dashboard Development"
59,"**Summary**  
Detail-oriented Network Engineer with over 4 years of experience in Human Language Technology (HLT) and a strong background in cloud environment management. Proficient in troubleshooting language content issues and optimizing translation processes, with a focus on enhancing user training and tool efficiency.

**Experience**  
**Network Engineer - HLT Solutions**  
*2019–Present*  
- Designed and maintained cloud environments to support the development and deployment of HLT tools, resulting in a 30% increase in system reliability.  
- Conducted training sessions for linguists on the effective use of Computer-Assisted Translation (CAT) tools, leading to improved translation quality and workflow efficiency.  
- Automated file analysis processes, reducing manual effort by 40% and enabling faster localization of foreign language content.

**Localization Engineer - Language Services**  
*2017–2019*  
- Managed Translation Memory (TM) servers, ensuring accurate and efficient retrieval of linguistic data, which improved project turnaround times by 25%.  
- Validated features in CAT tools and provided troubleshooting support for foreign language content, enhancing user experience and satisfaction.  
- Identified and evaluated commercial tools to enhance localization workflows, successfully implementing solutions that increased productivity.

**Education**  
B.S. in Computer Science  

**Skills**  
Adobe Suite, Computer-Assisted Translation (CAT), Localization Engineering, Desktop Publishing, Microsoft Office, Translation Memory servers, Cloud Computing, Language Processing, File Analysis Automation."
60,"**Summary**  
Detail-oriented Software Engineer with over 7 years of experience in developing responsive user interfaces and financial technology platforms. Proficient in React, JavaScript, and TypeScript, with a strong focus on building secure and scalable frontend components while fostering collaboration within cross-functional teams.

**Experience**  
**Senior Front-End Developer, FinTech**  
2016–2023  
- Led the development of a financial technology platform, enhancing user experience through responsive design and efficient code practices.  
- Collaborated with product managers and designers to translate complex requirements into functional interfaces, significantly improving user engagement metrics.  
- Mentored junior engineers, promoting best coding practices and ensuring adherence to technical excellence within the team.

**Front-End Engineer, Payment Solutions**  
2013–2016  
- Developed and maintained secure frontend components for payment processing systems, utilizing React and Redux to streamline user interactions.  
- Implemented automated testing frameworks using Jest and Cypress, resulting in a 30% reduction in bugs and improved deployment cycles.  
- Participated in Agile ceremonies, contributing to sprint planning and retrospectives to enhance team productivity.

**Education**  
B.S. in Computer Engineering

**Skills**  
React, Redux, JavaScript, TypeScript, Jest, Cypress, Selenium, Agile methodologies, responsive design, secure coding practices, mentoring, collaboration, financial technology."
61,"**Summary**  
Results-driven Senior Data Engineer with over 5 years of experience in SAP Analytics solutions, specializing in SAP Analytics Suite, SAP Analytics Cloud, and Data Warehousing Cloud. Proven ability to architect and implement tailored analytics solutions that enhance data-driven decision-making and improve client outcomes.

**Experience**  
**Senior Data Engineer, SAP Consulting**  
2018–Present  
- Architected and implemented comprehensive SAP Analytics solutions, including SAC and Datasphere, successfully increasing client data accessibility and analytical capabilities.  
- Conducted in-depth business process analyses to gather requirements, leading to the development of customized solutions that improved decision-making efficiency by 30%.  
- Led cross-functional teams in the deployment of SAP projects, ensuring adherence to timelines and quality standards while managing project risks effectively.

**Data Analyst, Business Intelligence**  
2016–2018  
- Collaborated with stakeholders to define analytics requirements, resulting in the successful integration of SAP Embedded Modeling into client environments.  
- Facilitated training sessions for client teams on SAP Analytics tools, enhancing user engagement and adoption of data-driven practices.  
- Monitored industry trends in SAP Analytics, contributing to continuous improvement initiatives that optimized service delivery.

**Education**  
B.S. in Computer Science

**Skills**  
SAP Analytics Suite, SAP Analytics Cloud, SAP Datasphere, Data Warehousing Cloud, SAP Embedded Modeling, Project Management, Client Engagement, Risk Management, Change Management, Business Process Analysis, Data-Driven Decision Making."
62,"**Summary**  
Motivated Computer Science student with hands-on experience in iOS application development and a strong foundation in software engineering principles. Proficient in Swift and Objective-C, with a passion for creating innovative tools for creative content creation.

**Experience**  
**iOS Developer Intern**  
2019–2023  
- Developed and maintained high-performance iOS applications, enhancing user engagement through intuitive design and functionality.  
- Collaborated with cross-functional teams to translate design specifications into fully functional mobile features, improving application usability.  
- Optimized application performance by implementing best practices and leveraging third-party libraries, resulting in a 30% increase in loading speed.

**Software Engineering Intern**  
2022  
- Assisted in the development of a mobile application feature that streamlined user-generated content submission, increasing user participation by 25%.  
- Participated in code reviews and contributed to the improvement of coding standards, fostering a collaborative development environment.  
- Engaged in troubleshooting and debugging processes, enhancing overall application reliability and user satisfaction.

**Education**  
B.S. in Computer Science  
Expected Graduation: May 2024

**Skills**  
Swift, Objective-C, iOS Development, Xcode, Git, RESTful APIs, Agile Methodologies, Third-Party Libraries, Problem-Solving, Creativity"
63,"**Summary**  
Results-driven software engineering leader with over 10 years of technology experience, including 5 years in managing IT teams and custom software development. Proven expertise in leading Agile teams to deliver high-quality SaaS cloud applications, utilizing a mix of Java/J2EE and .Net technologies.

**Experience**  

**Director of Software Engineering**  
SaaS Solutions, 2018–Present  
- Spearheaded an Agile Release Train, managing over 30 developers and technical staff to ensure timely delivery of cloud applications.  
- Implemented continuous delivery practices, enhancing deployment efficiency by 40% and significantly improving service quality.  
- Facilitated program increment planning sessions, aligning development goals with business objectives and fostering cross-team collaboration.

**Software Engineering Manager**  
Tech Innovations, 2013–2018  
- Led a team in the development of custom software solutions using Java and .Net, achieving a 25% reduction in project timelines through Agile methodologies.  
- Collaborated with stakeholders to drive cloud-based initiatives, successfully migrating legacy systems to Azure, resulting in improved performance and scalability.  
- Established best practices for security and quality assurance, enhancing system reliability and compliance with industry standards.

**Education**  
B.S. in Computer Science  

**Skills**  
Java, J2EE, .Net, Salesforce, MuleSoft, Oracle, Informatica, Azure, Agile methodologies, Continuous Delivery, Team Leadership, Program Increment Planning, Communication Skills, Negotiation Skills"
64,"**Summary**  
Detail-oriented Senior .NET Developer with over 7 years of experience in ASP.NET application development and a strong background in designing and implementing software solutions. Proficient in Object Oriented design patterns and skilled in delivering responsive UI designs, ensuring high-quality code through unit testing and test-driven development.

**Experience**  

**Senior .NET Developer**  
Software Development  
2016–Present  
- Designed and developed scalable web applications using ASP.NET 4.5 and C#, improving user engagement by 30%.  
- Collaborated with cross-functional teams to communicate design specifications and monitor project progress, ensuring timely delivery of software solutions.  
- Implemented Domain Driven Design principles and Service Oriented Architecture, enhancing system maintainability and flexibility.

**.NET Developer**  
Software Engineering  
2013–2016  
- Developed and maintained multiple web applications utilizing ASP.NET MVC and Web API, achieving a 25% reduction in load times.  
- Applied responsive UI design techniques using HTML5, CSS3, and JQuery, resulting in a seamless user experience across devices.  
- Conducted unit testing using xUnit and integrated test-driven development practices, increasing code reliability and reducing bugs by 40%.

**Education**  
B.S. in Computer Science

**Skills**  
ASP.NET, C#, .NET 4.5, Object Oriented Design, Domain Driven Design, Service Oriented Architecture, HTML5, CSS3, JQuery, WCF, xUnit, ASP.NET Web API, ASP.NET MVC, Angular 10+, Microsoft SQL Server"
65,"**Summary**  
Detail-oriented Network Engineer with over 5 years of experience in LAN/WAN network administration and enterprise wireless solutions. Proficient in troubleshooting complex network issues and optimizing performance using advanced network management tools.

**Experience**  
**Network Engineer**  
Telecommunications Industry  
2018–Present  
- Managed and optimized LAN/WAN networks, ensuring high availability and performance for enterprise clients.  
- Administered Cisco ACI and Palo Alto firewalls, enhancing security protocols and reducing incident response times.  
- Utilized SolarWinds and Cisco DNA for proactive network monitoring, leading to a 30% reduction in downtime through early issue detection.  

**Network Administrator**  
IT Services  
2016–2018  
- Oversaw network tools including Panorama, Cisco ISE, and Infoblox, streamlining network management and increasing operational efficiency.  
- Conducted hardware and software upgrades, improving network capacity and reliability while minimizing disruptions.  
- Implemented Zscaler (ZIA and ZPA) for secure internet access, improving user experience and compliance with security standards.  

**Education**  
B.S. in Computer Networking  

**Skills**  
Cisco ACI, Palo Alto Firewalls, LAN/WAN Administration, Enterprise Wireless, SolarWinds, Panorama, Cisco DNA, Cisco ISE, Infoblox, Zscaler (ZIA, ZPA), Network Troubleshooting, Performance Optimization."
66,"**Summary**  
Results-driven Senior Software Engineer with over 5 years of experience in Android application development. Proficient in Kotlin and Java, with a strong background in architecting scalable solutions and optimizing application performance. Proven ability to lead cross-functional teams and mentor junior developers while staying current with industry trends.

**Experience**  
**Senior Software Engineer, Mobile Development**  
2019–Present  
- Led the design and implementation of multiple high-traffic Android applications, enhancing user engagement by 30% through optimized performance and user experience improvements.  
- Collaborated with product managers and designers to gather requirements and translate them into technical specifications, ensuring alignment with business objectives.  
- Conducted code reviews and provided mentorship to junior developers, fostering a culture of continuous learning and improvement within the team.  

**Software Engineer, Mobile Development**  
2017–2019  
- Developed and maintained Android applications using Kotlin, implementing MVVM architecture to improve code maintainability and scalability.  
- Integrated third-party libraries such as Retrofit and OkHttp for efficient data handling and API communication, resulting in a 25% reduction in data loading times.  
- Participated in agile development processes, contributing to sprint planning and retrospectives to enhance team productivity.

**Education**  
B.S. in Computer Science

**Skills**  
Kotlin, Java, Android SDK, Android Studio, Jetpack, RxJava, MVVM, MVP, Clean Architecture, XML, SQLite, Retrofit, OkHttp, Git, Agile methodologies, problem-solving, effective communication."
67,"**Summary**  
Experienced Software Engineer with over 6 years in developing scalable enterprise software solutions. Proficient in TypeScript, JavaScript, and Python, with a strong focus on enhancing user experience through collaboration with cross-functional teams.

**Experience**  

**Full Stack Software Engineer**  
2017–2023  
- Designed and implemented robust web applications using React and Nest.js, significantly improving user engagement and application performance.  
- Collaborated with research and product teams to prototype solutions, iterating based on user feedback, which led to a 30% increase in user satisfaction scores.  
- Developed and maintained backend services in Python, ensuring high reliability and scalability for enterprise-level applications.

**Software Developer**  
2016–2017  
- Contributed to the development of a data processing tool that streamlined workflows, resulting in a 25% reduction in processing time.  
- Worked closely with UX designers to enhance the user interface, leading to improved usability and a 15% increase in active users.  
- Implemented automated testing frameworks to ensure code quality and reduce bug rates in production.

**Education**  
B.S. in Computer Science  

**Skills**  
TypeScript, JavaScript, Python, React, Nest.js, UX Design, Agile Methodologies, Automated Testing, RESTful APIs, Git, Docker."
68,"**Summary**  
Detail-oriented Java Developer with over 5 years of experience in designing and implementing scalable Java applications. Proficient in RESTful API development and skilled in optimizing performance for high-throughput systems. Strong background in full software development lifecycle (SDLC) with a focus on DevOps methodologies.

**Experience**  
**Java Developer, Software Development**  
2018–Present  
- Developed and maintained complex Java applications, achieving a 30% reduction in latency through performance tuning and optimization.  
- Collaborated in the design and implementation of RESTful APIs using JAX-RS, enhancing system interoperability and client satisfaction.  
- Provided ongoing support for business systems, including troubleshooting and resolving production issues to ensure minimal downtime.

**Java Software Engineer, Technology Solutions**  
2016–2018  
- Engineered scalable solutions using Java, J2EE, and EJB, successfully deploying applications on IBM mainframe environments.  
- Implemented front-end functionalities with Angular, JavaScript, HTML, and CSS, improving user experience and engagement.  
- Utilized DevOps tools for continuous integration and deployment, streamlining the development process and reducing release times by 25%.

**Education**  
B.S. in Computer Science

**Skills**  
Java, J2EE, EJB, JPA, RESTful APIs, JAX-RS, Angular, JavaScript, HTML, CSS, IBM Mainframe, DevOps, Shell Scripting, Application Tuning, Java Internals, Performance Optimization, Troubleshooting, SDLC"
69,"**Summary**  
Results-driven Site Reliability Engineer with over 7 years of experience in Information Technology and Data Management. Proficient in developing and maintaining technical architectures, ensuring alignment with business capabilities, and driving reliability and performance improvements across data systems.

**Experience**  
**Site Reliability Engineer**  
2016–Present  
- Spearheaded the documentation and evolution of business capabilities within the Data & Information Architecture domain, ensuring compliance with established architectural standards.  
- Collaborated with cross-functional product teams to enhance data governance and analytics capabilities, leading to a 30% improvement in data retrieval times.  
- Implemented root cause analysis processes, significantly reducing system downtime and improving overall reliability metrics.  

**Data Architect**  
2014–2016  
- Developed and maintained architectural guidance documents that streamlined data warehousing processes and improved data accessibility for analytics teams.  
- Played a key role in IT strategy development, focusing on scalability and performance optimization using frameworks like Scaled Agile and Scrum.  
- Utilized tools such as Snowflake and Elastic Search to enhance data management strategies, resulting in a 25% increase in reporting efficiency.

**Education**  
B.S. in Information Technology  

**Skills**  
Information Architecture, Technical Architecture, Data Management, Business Intelligence, Analytics, Scaled Agile, Scrum, DevOps, Elastic Search, DBT, Snowflake, SQL, Python, Data Governance."
70,"**Summary**  
Results-driven Data Engineer with over 6 years of experience in data engineering and business analytics. Proficient in developing scalable data pipelines and infrastructure using AWS services, with a strong focus on Business Intelligence and machine learning operations.

**Experience**  
**Senior Data Engineer, Technology Services**  
2018–Present  
- Developed and maintained ETL pipelines using AWS Redshift and EMR, improving data processing efficiency by 30%.  
- Built and deployed machine learning models using AWS SageMaker, enhancing predictive analytics capabilities for business insights.  
- Led design reviews and mentored junior engineers, fostering a collaborative environment and improving team performance.

**Data Engineer, Analytics Solutions**  
2016–2018  
- Designed and implemented data models and warehousing solutions that supported real-time analytics, resulting in a 25% increase in reporting accuracy.  
- Utilized SQL and Python to automate data refresh processes, reducing manual intervention and improving data availability.  
- Collaborated with cross-functional teams to integrate internal tools like QuickSight for enhanced data visualization and reporting.

**Education**  
B.S. in Computer Science

**Skills**  
AWS Redshift, AWS EMR, AWS Lambda, SQL, Python, Data Modeling, ETL, QuickSight, Datanet, MLOps, CloudFormation, SageMaker Model Registry, Data Warehousing, Business Intelligence."
71,"**Summary**  
Dynamic Lead Java Fullstack Developer with over 10 years of experience in designing and implementing software applications. Proven expertise in guiding development teams, fostering innovation, and delivering high-quality solutions across both backend and frontend technologies.

**Experience**  
**Lead Fullstack Developer, Software Development**  
2018–Present  
- Spearheaded a team of developers in the design and implementation of scalable software solutions using Java, Spring Boot, and microservices architecture, enhancing application performance by 30%.  
- Collaborated closely with product managers to define technical requirements and project milestones, successfully delivering projects on time while mitigating risks.  
- Mentored junior developers, fostering a culture of continuous learning and technical excellence within the team.

**Senior Software Engineer, Technology Solutions**  
2013–2018  
- Developed and maintained robust backend services using Cassandra and Oracle SQL, optimizing data retrieval processes and improving system efficiency.  
- Led frontend development initiatives using Vue.js and Freemarker Web Components, resulting in a 25% increase in user engagement through improved UI/UX design.  
- Evaluated and integrated new technologies, such as Kafka for real-time data processing, enhancing the overall architecture and responsiveness of applications.

**Education**  
B.S. in Computer Science

**Skills**  
Java, Spring Boot, Cassandra, Oracle SQL, Kafka, Vue.js, Freemarker, Microservices Architecture, AWS, Azure, Agile Methodologies, Project Management, Technical Leadership, Communication Skills"
72,"**Summary**  
Detail-oriented Junior Network Engineer with 4 years of experience in configuring and maintaining network hardware and software. Proficient in troubleshooting server and network device issues, providing technical support, and implementing security patches to ensure optimal system performance.

**Experience**  
**Network Engineer**  
IT Services Industry  
2019–2023  
- Designed and configured routers, switches, and firewalls, enhancing network reliability and security across multiple sites.  
- Provided technical support to the IT HelpDesk, resolving over 200 tickets using IssueTrack, with a focus on server and network device issues.  
- Monitored backup systems with Veritas Backup Exec, ensuring data integrity and successful recovery operations.

**IT Support Specialist**  
Technology Solutions  
2018–2019  
- Assisted in the administration of Windows 2000/2003 servers and Exchange 2007 servers, applying necessary patches and updates to maintain system security.  
- Developed documentation for troubleshooting procedures, improving team efficiency in addressing network issues.  
- Collaborated with senior engineers on software implementation projects, streamlining processes and enhancing service delivery.

**Education**  
B.S. in Information Technology  
Graduated: 2018  

**Skills**  
Cisco routers and switches, Windows Server 2000/2003, Exchange Server 2007, Veritas Backup Exec, IssueTrack, subnetting, network security, technical support, CCNA, Microsoft MCSE."
73,"**Summary**  
Results-driven Full Stack Software Engineer with over 6 years of experience in developing innovative software solutions and enhancing user experiences. Proficient in TypeScript, JavaScript, and frameworks such as React and Nest.js, with a strong focus on collaboration and customer-centric product development.

**Experience**  

**Full Stack Software Engineer, Technology Sector**  
2017–Present  
- Spearheaded the development of multiple product features that improved user engagement by 30%, leveraging React for frontend and Node.js for backend solutions.  
- Collaborated closely with cross-functional teams, including Research and Design, to gather user feedback and iterate on product features, enhancing overall customer satisfaction.  
- Implemented scalable architectures and best practices in software testing, resulting in a 25% reduction in bugs reported post-release.

**Software Engineer, AI Software Development**  
2015–2017  
- Developed and maintained web applications using JavaScript and TypeScript, focusing on delivering a seamless user experience and integrating feedback from usability tests.  
- Contributed to the backend development of enterprise-level applications, utilizing Nest.js to create efficient APIs that improved data retrieval times by 40%.  
- Actively participated in Agile ceremonies, fostering a collaborative environment that encouraged continuous improvement and innovation.

**Education**  
B.S. in Computer Science  

**Skills**  
TypeScript, JavaScript, React, Nest.js, Node.js, Agile methodologies, UX design, API development, software testing, collaboration tools, enterprise software development."
74,"**Summary**  
Results-driven Software Engineering Manager with over 10 years of experience in software development, specializing in embedded systems and user-centric applications. Proven track record in leading cross-functional teams, setting strategic priorities, and delivering innovative solutions to enhance user experiences with voice assistants and smart home devices.

**Experience**  
**Software Engineering Manager, Embedded Systems**  
2015–2023  
- Led a team of engineers in the design and development of embedded software for smart home devices, achieving a 30% improvement in system performance and user satisfaction.  
- Developed technical roadmaps aligned with organizational goals, resulting in successful project delivery across multiple sites and improved collaboration among teams.  
- Implemented A/B testing methodologies and user research initiatives that informed product strategy and enhanced the functionality of voice assistant features.

**Senior Software Engineer, Consumer Electronics**  
2010–2015  
- Designed and implemented software solutions using C++ and Python for television platforms, contributing to a 25% increase in user engagement through enhanced voice recognition capabilities.  
- Collaborated with product management to define requirements and prioritize feature development, ensuring alignment with business objectives and customer needs.  
- Spearheaded the integration of AI and natural language processing technologies, significantly improving the accuracy and responsiveness of voice-controlled applications.

**Education**  
B.S. in Computer Science

**Skills**  
Python, C++, Java, JavaScript, embedded systems, web services, A/B testing, user research, artificial intelligence, natural language processing, distributed computing, large-scale system design, team leadership, project management."
75,"**Summary**  
Results-driven Senior Citrix Systems Engineer with over 5 years of experience in managing Citrix environments and Windows Server administration. Proficient in script automation, virtualization technologies, and cloud migrations, with a strong focus on optimizing IT infrastructure and enhancing operational efficiency.

**Experience**  
**Senior Citrix Systems Engineer**  
IT Services, 2020–Present  
- Managed and administered Citrix XenDesktop and Windows Server environments, ensuring high availability and performance across multi-site deployments.  
- Automated routine tasks using PowerShell and MS Exchange Cmdlets, reducing operational overhead and improving response times for infrastructure issues.  
- Collaborated with vendors for system upgrades and installations, enhancing the overall IT infrastructure and implementing best practices in VDI and load balancing.

**Systems Administrator**  
Technology Solutions, 2018–2020  
- Oversaw Active Directory and Domain Controller administration, including DNS and GPO management, to maintain security and efficiency in user access across the organization.  
- Led the migration of on-premises email services to O365 Cloud, streamlining communication and improving collaboration through Microsoft Exchange and SharePoint.  
- Implemented monitoring solutions for NAS/SAN storage and network performance, ensuring optimal data replication and load balancing.

**Education**  
B.S. in Information Technology

**Skills**  
Citrix XenDesktop, Windows Server 2016/2019, Active Directory, PowerShell, MS Exchange, SharePoint, SQL, O365 Cloud Migration, VMware Vcenter, Hyper-V, NAS/SAN Storage, Load Balancing, LAN/WAN Technologies, Jira Software, Confluence."
76,"**Summary**  
Dedicated Site Reliability Engineer with over 5 years of experience in optimizing system performance and reliability for large-scale applications. Proficient in automation, incident management, and infrastructure management using AWS and container orchestration technologies.

**Experience**  
**Site Reliability Engineer**  
2018–2023  
- Enhanced service reliability by implementing automated monitoring solutions and reducing incident response times by 30%.  
- Developed and maintained infrastructure as code using AWS, leading to a 25% improvement in deployment efficiency.  
- Collaborated in an on-call rotation, successfully managing incidents to meet SLAs and ensuring minimal downtime.

**Junior Site Reliability Engineer**  
2016–2018  
- Assisted in the automation of repetitive tasks using Bash and Python, resulting in a 40% reduction in manual errors.  
- Engaged in capacity planning and performance analysis, contributing to a 15% increase in system scalability.  
- Implemented configuration management using Ansible, streamlining deployment processes across multiple environments.

**Education**  
B.S. in Computer Science  

**Skills**  
Bash, Python, AWS, Linux, Ansible, Docker, Kubernetes, enterprise monitoring solutions, ITIL, continuous integration, SOC2 compliance, performance analysis."
77,"**Summary**  
Results-driven Principal Software Engineer with over 7 years of experience in designing and implementing high-performance C++ applications for scalable analytics platforms. Proven expertise in multithreaded programming, SQL, and data processing, complemented by a strong foundation in Agile methodologies and software quality assurance.

**Experience**  
**Senior Software Engineer – Analytics Solutions**  
2016–2023  
- Designed and developed multithreaded C++ applications for a distributed analytics platform, improving processing speed by 30% through efficient use of data structures and algorithms.  
- Collaborated closely with Product Management to create formal design specifications, ensuring alignment with business requirements and adherence to coding standards.  
- Led a team in implementing Agile practices, enhancing team productivity and project delivery timelines through effective communication and collaboration.

**Software Engineer – Data Processing Systems**  
2015–2016  
- Developed and maintained C++ modules for data warehousing solutions, utilizing SQL for relational data processing and enhancing system reliability.  
- Conducted thorough debugging and quality assurance processes, achieving a 95% defect-free release rate in production environments.  
- Participated in code reviews and maintained source control using GIT, ensuring compliance with industry best practices.

**Education**  
B.S. in Computer Science

**Skills**  
C++, STL, Templates, Multithreading, SQL, Agile, Scrum, GIT, Data Structures, Operating Systems, Business Intelligence, OLAP, Data Warehousing, Multidimensional Databases"
78,"**Summary**  
Results-driven Software Engineer with over 5 years of experience in software development, specializing in data structures, algorithms, and maintaining high-quality software products. Proven track record in technical leadership and collaboration within cross-functional teams to deliver innovative solutions in fast-paced environments.

**Experience**  

**Senior Software Engineer**  
Software Development Industry  
2018–Present  
- Led the design and implementation of scalable software solutions, enhancing system performance and user experience for remote communication applications.  
- Conducted thorough code reviews and participated in design discussions to ensure adherence to best practices and effective software architecture.  
- Spearheaded the development of accessible technologies, focusing on user interface design and natural language processing features to improve product usability for diverse audiences.

**Software Engineer**  
Tech Solutions Industry  
2016–2018  
- Developed and maintained software products, implementing robust testing procedures that reduced bug rates by 30%.  
- Collaborated with product management and research teams to refine project requirements, ensuring alignment with user needs and technical feasibility.  
- Contributed to comprehensive documentation and user manuals that facilitated smoother onboarding and usage of software tools.

**Education**  
M.S. in Computer Science  
B.S. in Computer Science  

**Skills**  
Java, Python, C++, Agile methodologies, Distributed computing, Data structures, Algorithms, Software design, UI design, Natural language processing, Information retrieval, Debugging, Technical documentation, Collaboration tools."
79,"Summary  
Detail-oriented Business Data Analyst with over 4 years of experience in gathering and documenting business requirements for data product development. Proficient in SQL and skilled in translating complex location data into structured mappings, ensuring clarity and usability for stakeholders.

Experience  
Business Data Analyst, Data Analytics Industry  
2019–Present  
- Successfully gathered and documented business requirements for multiple data products, focusing on location data, which improved project alignment and stakeholder satisfaction.  
- Developed source to target mappings for building occupancy and traffic data, enhancing the accuracy of data integration processes.  
- Collaborated with cross-functional teams to design and implement data solutions on AWS, leading to a 30% increase in data retrieval efficiency.

Data Analyst, Technology Sector  
2017–2019  
- Conducted in-depth analysis of location-based data, translating business requirements into actionable insights, which supported strategic decision-making.  
- Utilized SQL to run complex queries and optimize database structures, improving data accessibility for internal teams.  
- Assisted in the deployment of data products using Databricks, contributing to a streamlined data processing workflow.

Education  
B.S. in Data Science  

Skills  
SQL, AWS, Databricks, data mapping, business requirements gathering, data product development, database structures, data analysis, cross-functional collaboration."
80,"**Summary**  
Dedicated Network Engineer with over 5 years of experience in designing, implementing, and managing enterprise-level networks. Proficient in SDWAN technologies, specifically Meraki, and skilled in network security measures, including Palo Alto firewalls. Proven ability to collaborate with stakeholders to analyze requirements and deliver effective networking solutions.

**Experience**  
**Network Engineer**  
Telecommunications Industry  
2018–Present  
- Designed and implemented SDWAN solutions using Meraki, enhancing network performance and reliability across multiple locations.  
- Led initiatives for network security, configuring Palo Alto firewalls and conducting regular security assessments to mitigate risks.  
- Collaborated with cross-functional teams to gather requirements and develop network diagrams, ensuring alignment with business objectives.

**Junior Network Engineer**  
IT Services  
2016–2018  
- Assisted in the administration of LAN and WAN networks, providing troubleshooting support and maintaining documentation for network performance.  
- Implemented network segmentation strategies to enhance security and optimize traffic flow, resulting in a 20% increase in network efficiency.  
- Supported the deployment of routing protocols and network monitoring tools, ensuring seamless connectivity and adherence to service level agreements.

**Education**  
B.S. in Information Technology Networking

**Skills**  
SDWAN, Meraki, Palo Alto Firewalls, Network Security, LAN, WAN, Network Segmentation, Routing Protocols, Network Performance Monitoring, Network Diagramming, Technical Documentation"
81,"**Summary**  
Detail-oriented Frontend Developer with over 4 years of experience in building and maintaining web applications, specializing in Angular and RXJS. Proven ability to gather requirements, develop features, and perform unit testing in fast-paced environments, with a strong focus on problem-solving and effective communication.

**Experience**  
Frontend Developer, Financial Services  
2019–Present  
- Developed and maintained client-facing applications using Angular 13 and RXJS, enhancing user experience and application performance.  
- Collaborated with cross-functional teams to gather requirements and deliver new features, achieving a 30% increase in user engagement.  
- Conducted thorough unit testing and debugging, ensuring high-quality code and timely deployment of updates and new functionalities.

Frontend Developer, Technology Solutions  
2018–2019  
- Designed and implemented responsive web interfaces using Angular, leading to a 25% reduction in load times and improved user satisfaction.  
- Worked closely with stakeholders to translate business requirements into technical specifications, facilitating smooth project execution.  
- Leveraged asynchronous programming techniques with RXJS to optimize data handling and improve application responsiveness.

**Education**  
B.S. in Computer Science

**Skills**  
Angular 13, Angular 17, RXJS, JavaScript, HTML, CSS, Unit Testing, Agile Methodologies, Asynchronous Programming, Problem-Solving, Effective Communication"
82,"**Summary**  
Experienced Systems Engineer with over 10 years in satellite communications and system integration. Proven expertise in performing engineering trade studies, analyzing requirements, and evaluating advanced technologies to enhance MilComm mission capabilities. Strong communicator adept at collaborating with government and industry stakeholders.

**Experience**  
**Senior Systems Engineer, Defense Industry**  
2013–2023  
- Led system engineering trade studies for satellite communication projects, resulting in optimized system designs that improved operational efficiency by 20%.  
- Conducted comprehensive link budget analyses and risk assessments, ensuring compliance with stringent government requirements and enhancing system reliability.  
- Collaborated with cross-functional teams to propose and implement integration actions, successfully meeting project milestones and enhancing communication capabilities across tactical and strategic domains.  

**Systems Engineer, Aerospace Technology**  
2010–2013  
- Developed system requirements and specifications for satellite communication systems, contributing to the successful launch of multiple high-profile projects.  
- Evaluated emerging technologies in space data transport, providing actionable insights that informed strategic decision-making and technology adoption.  
- Established partnerships with academic institutions and industry leaders, fostering innovation and collaboration in MilComm initiatives.

**Education**  
B.S. in Electrical Engineering

**Skills**  
Satellite communications, system engineering, command and control, link budget analysis, risk assessment, cyber security, requirements analysis, technology evaluation, project management, technical communication, cross-functional collaboration."
83,"**Summary**  
Detail-oriented Software Engineer with over 3 years of experience in application support and configuration for diverse user bases. Proficient in Python, Perl, and JavaScript, with a strong background in software testing and troubleshooting. Committed to enhancing user experiences through effective communication and technical support.

**Experience**  
**Software Engineer**  
2019–2023  
- Developed and configured software applications to meet user requirements, ensuring high levels of performance and reliability.  
- Conducted comprehensive software testing and troubleshooting, leading to a 30% reduction in user-reported issues.  
- Facilitated user training sessions, improving user proficiency and satisfaction with software tools.

**Technical Support Engineer**  
2018–2019  
- Provided technical support for a large user base, resolving issues related to software applications and configurations.  
- Collaborated with lead engineers to gather user feedback and implement enhancements, resulting in a 20% increase in application efficiency.  
- Assisted in the implementation of user authentication protocols, enhancing overall cybersecurity measures.

**Education**  
B.S. in Computer Science

**Skills**  
Python, Perl, JavaScript, software testing, troubleshooting, technical support, user training, cybersecurity practices, user authentication, application configuration."
84,"**Summary**  
Results-driven Senior Software Developer with over 5 years of experience in building user-centric applications. Proven expertise in Python, web development, and cloud deployment, with a strong focus on enhancing user experience and implementing best practices in security and testing.

**Experience**  
**Senior Software Developer, Software Industry**  
**2018–Present**  
- Developed and maintained web applications using Python and Flask, enhancing user experience for patent automation tools.  
- Implemented robust testing frameworks with pytest, ensuring high-quality code and reducing bug rates by 30%.  
- Collaborated with cross-functional teams, including the CEO, to design features that streamline patent attorney workflows.

**Software Developer, Tech Solutions**  
**2016–2018**  
- Designed and deployed scalable applications on AWS, utilizing Git for version control and ensuring adherence to cloud best practices.  
- Enhanced front-end functionality using JavaScript and jQuery, improving user engagement metrics by 25%.  
- Conducted web scraping projects to gather data for machine learning applications, leveraging PyTorch and spaCy for analysis.

**Education**  
B.S. in Computer Science

**Skills**  
Python, Flask, pytest, Git, HTML, CSS, JavaScript, jQuery, Google Cloud, AWS, App Engine, Elastic Beanstalk, UX design principles, machine learning, PyTorch, spaCy, web scraping."
85,"**Summary**  
Detail-oriented Financial Data Analyst with over 5 years of experience in finance and data analysis. Proficient in SQL and Tableau, with a strong ability to translate complex data needs into actionable insights for finance teams. Proven track record of delivering high-quality dashboards and reports to support executive decision-making.

**Experience**  

**Financial Data Analyst**  
Finance Industry  
2019–Present  
- Conducted comprehensive data queries and analyses to support financial reporting and strategic initiatives, directly contributing to enhanced decision-making processes for executives.  
- Collaborated with cross-functional teams to gather requirements and translate finance workflows into effective data solutions, resulting in the development of user-friendly dashboards in Tableau.  
- Implemented process improvements that increased data accuracy and reduced reporting time by 30%, optimizing resource allocation for the finance team.

**Data Analyst**  
Financial Services  
2017–2019  
- Analyzed financial data sets to identify trends and insights, providing critical support for budget planning and forecasting activities.  
- Developed and maintained interactive dashboards using Tableau, enabling real-time data visualization for stakeholders, including the CFO.  
- Engaged in problem-solving initiatives that streamlined data collection processes, significantly improving the efficiency of financial reporting.

**Education**  
B.S. in Finance  
University of Minnesota

**Skills**  
SQL, Tableau, Microsoft Excel, Data Analysis, Financial Reporting, Dashboard Development, Problem-Solving, Cross-Functional Collaboration, Critical Thinking"
86,"**Summary**  
Detail-oriented Data Analyst with 2 years of experience in data analysis and project management. Proficient in statistical analysis, data visualization, and database management, with a strong ability to collaborate with stakeholders to drive data-driven decision-making.

**Experience**  
**Data Analyst, Technology Services**  
**2021–2023**  
- Managed multiple data analysis projects, ensuring adherence to data standards and integrity throughout the lifecycle.  
- Developed automated tools for data extraction and validation, significantly reducing processing time by 30%.  
- Collaborated with cross-functional teams to design and implement interactive dashboards using Tableau, enhancing data accessibility for stakeholders.

**Junior Data Analyst, Financial Services**  
**2020–2021**  
- Conducted statistical analysis and data mining on large datasets, providing actionable insights that improved operational efficiency by 15%.  
- Assisted in the development of data quality monitoring processes, ensuring accurate reporting and compliance with business requirements.  
- Utilized SQL for database management and ad hoc analysis, supporting various business functions with timely data insights.

**Education**  
B.S. in Data Science

**Skills**  
Python, R, SQL, Tableau, Power BI, QlikView, SPSS, SAS, Excel, Google Sheets, data mining, statistical analysis, data visualization, database management."
87,"**Summary**  
Detail-oriented Python Developer with over 5 years of experience in building robust applications using Python and Flask. Proficient in developing REST APIs and optimizing SQL databases, with a solid understanding of Agile methodologies and CI/CD practices.

**Experience**  

**Senior Python Developer**  
Software Development | 2020–Present  
- Designed and implemented REST APIs using Flask, enhancing application performance and scalability.  
- Developed and optimized SQL queries in MSSQL, improving data retrieval times by 30% through effective table design and performance tuning.  
- Led the integration of token-based authentication systems, ensuring secure user access across multiple applications.

**Python Developer**  
Web Development | 2018–2020  
- Collaborated in an Agile team to deliver high-quality software solutions, utilizing Docker for containerization and Jenkins for automated CI/CD pipelines.  
- Conducted unit testing with pytest, significantly reducing bugs and enhancing code reliability prior to deployment.  
- Assisted in the migration of database schemas using Flyway, ensuring seamless transitions and minimal downtime.

**Education**  
B.S. in Computer Science

**Skills**  
Python, Flask, REST APIs, Pandas, SQLAlchemy, MSSQL, RDBMS, Core Java, Flyway, Docker, Jenkins, Agile methodologies, unit testing, pytest"
88,"**Summary**  
Detail-oriented WordPress E-Commerce Web Developer with over 4 years of experience in both front-end and back-end web development. Proficient in WordPress, WooCommerce, and Elementor, with a strong foundation in HTML, CSS, and JavaScript. Excellent problem-solving skills and a proven track record of delivering responsive websites for eCommerce platforms.

**Experience**  
**Web Developer — E-Commerce Solutions**  
2019–2023  
- Developed and maintained multiple responsive eCommerce websites using WordPress and WooCommerce, enhancing user experience and increasing conversion rates by 25%.  
- Collaborated with designers and project managers to implement custom themes and plugins in Elementor, ensuring alignment with client branding and functionality requirements.  
- Troubleshot and resolved technical issues, optimizing website performance and security through effective coding practices and regular updates.

**Junior Web Developer — Digital Marketing Agency**  
2018–2019  
- Assisted in the development of client websites, focusing on front-end technologies like HTML, CSS, and JavaScript to create visually appealing and user-friendly interfaces.  
- Supported back-end development tasks, including database management and server-side scripting, improving site load times by 15%.  
- Engaged in regular client communication to gather requirements and provide updates, fostering strong relationships and ensuring project success.

**Education**  
B.S. in Computer Science

**Skills**  
WordPress, WooCommerce, Elementor, HTML, CSS, JavaScript, PHP, MySQL, Git, responsive web design, problem-solving, troubleshooting, communication, collaboration."
89,"**Summary**  
Results-driven Java Developer with over 8 years of experience in designing and implementing robust distributed application systems. Proven expertise in Java, Angular, Spring Boot, and Microservices, coupled with a strong ability to analyze requirements and enhance application performance through effective coding and testing.

**Experience**  
**Senior Java Developer, Software Development**  
2015–Present  
- Led the technical design and development of multi-platform distributed applications, ensuring high performance and scalability.  
- Analyzed and documented system requirements, resulting in improved workflow efficiency and reduced development time by 20%.  
- Collaborated with cross-functional teams to troubleshoot and repair legacy code, successfully transitioning critical systems to modern architectures.

**Java Developer, IT Consulting**  
2013–2015  
- Developed and implemented new features for client applications using Java and Spring Boot, enhancing user experience and functionality.  
- Conducted thorough testing and debugging of applications, achieving a 95% accuracy rate in production environments.  
- Documented code and development processes, facilitating smoother onboarding for new team members and compliance with vendor-specific methodologies.

**Education**  
B.S. in Computer Science

**Skills**  
Java, Angular, Spring Boot, Microservices, Distributed Applications, System Analysis, Legacy Code Repair, Software Testing, Documentation, Agile Methodologies, Vendor-Specific Methodologies"
90,"Summary  
Results-driven Solutions Architect with over 5 years of experience in supply chain management and systems integration. Proven expertise in leveraging the Kinaxis RapidResponse platform to design and implement effective solutions that address complex operational challenges. Strong analytical and communication skills, capable of collaborating with clients to optimize supply chain processes.

Experience  
Solutions Architect, Supply Chain Services  
2018–Present  
- Designed and implemented tailored solutions using Kinaxis RapidResponse, improving client demand forecasting accuracy by 30%.  
- Conducted comprehensive business process analyses, leading to the development of strategic architectural decisions and technical architectures that enhanced operational efficiency.  
- Managed project timelines effectively, ensuring successful delivery of system requirements and integration with ERP systems such as SAP and Oracle.

Supply Chain Analyst  
2016–2018  
- Developed and optimized supply chain processes, including S&OP, resulting in a 25% reduction in inventory costs for key clients.  
- Collaborated with cross-functional teams to produce data mapping and ETL processes, facilitating seamless integration of systems and improving data accuracy.  
- Provided training and support to clients on supply chain best practices and the effective use of Kinaxis RapidResponse, fostering long-term partnerships.

Education  
B.S. in Supply Chain Management  
University of Technology

Skills  
Kinaxis RapidResponse, SAP, Oracle, ETL tools, data mapping, business process analysis, S&OP, demand planning, systems integration, project management, analytical thinking, effective communication."
91,"**Summary**  
Dedicated Research Data Analyst with over 3 years of experience in qualitative data analysis and community-based research, particularly focused on health equity and hospice care for diverse populations. Proven ability to collaborate effectively with cross-functional teams and manage complex projects to enhance care for older adults with Alzheimer's Disease and Related Dementias.

**Experience**  
**Research Data Analyst**  
Healthcare Research, 2020–Present  
- Collaborated closely with Principal Investigators on NIH-funded projects, contributing to the design and execution of studies aimed at improving hospice care for racially and ethnically minoritized older adults.  
- Managed the Atlas.ti database for qualitative data analysis, ensuring accurate coding and synthesis of research findings.  
- Engaged with community stakeholders to facilitate participant recruitment and foster relationships that support project goals.  

**Research Assistant**  
Public Health Research, 2019–2020  
- Assisted in qualitative research projects focusing on health disparities, conducting interviews and focus groups with diverse populations.  
- Contributed to manuscript writing, resulting in publications in peer-reviewed journals, enhancing the visibility of research outcomes.  
- Participated in project planning and coordination, ensuring alignment with study objectives and timelines.

**Education**  
M.S. in Public Health  
B.S. in Sociology  

**Skills**  
Qualitative data analysis, Atlas.ti, community engagement, manuscript writing, project planning, participant recruitment, health equity, statistical software (SPSS, R), communication skills, sensitivity in data handling."
92,"**Summary**  
Detail-oriented Network Engineer with over five years of experience in network design, implementation, and maintenance. Proficient in troubleshooting complex network issues and enhancing system performance through strategic upgrades and modifications. Strong background in security device configuration and telecommunications systems.

**Experience**  
**Network Engineer, Telecommunications**  
2018–Present  
- Led the design and implementation of robust network infrastructures, improving overall system reliability by 30%.  
- Conducted thorough incident investigations and documented workarounds, reducing downtime by 25% through proactive troubleshooting.  
- Configured and maintained security devices including firewalls and IDS, ensuring compliance with industry standards and enhancing network security.

**Junior Network Engineer, IT Services**  
2016–2018  
- Assisted in the installation and configuration of VoIP and VTC systems, streamlining communication across departments.  
- Monitored network performance using advanced monitoring tools, identifying and resolving issues before they impacted users.  
- Collaborated on system-level testing and documentation, maintaining accurate system diagrams and logs for future reference.

**Education**  
B.S. in Computer Science

**Skills**  
Network Design, Troubleshooting, Security Protocols, Firewalls, IDS, VoIP, VTC, Telecommunications, Network Monitoring Tools, System Documentation, OS Updates, CCNA Routing and Switching, CCNA Security, Network+"
93,"**Summary**  
Results-driven Data Engineer with over five years of experience in designing and maintaining scalable data pipelines and data models. Proficient in optimizing data processes and ensuring data security, with strong collaboration skills in cross-functional team environments.

**Experience**  
**Data Engineer**  
2018–Present  
- Developed and maintained robust ETL pipelines using Snowflake, enhancing data accessibility for analytics teams and improving data processing efficiency by 30%.  
- Collaborated with stakeholders to define data requirements and implemented data models that supported critical business decisions, leading to a 25% increase in operational efficiency.  
- Monitored and optimized data pipeline performance, achieving a 40% reduction in processing time while ensuring compliance with data security and privacy standards.  

**Software Developer**  
2016–2018  
- Designed and implemented data integration solutions using Python, improving data accuracy and consistency across multiple platforms.  
- Documented data processes and storage solutions, facilitating knowledge transfer within the team and improving onboarding efficiency for new team members.  

**Education**  
B.S. in Computer Science  

**Skills**  
Snowflake, Python, ETL, Data Modeling, AWS, Data Warehousing, Data Integration, Data Security, Cross-Functional Collaboration, Documentation"
94,"**Summary**  
Detail-oriented Data Scientist with over 2 years of experience in machine learning and statistical modeling. Proficient in developing and deploying machine learning models to enhance investment decision-making processes, with a strong foundation in Python, SQL, and a variety of ML libraries.

**Experience**  

**Data Scientist**  
2019–2023  
- Developed and deployed machine learning models utilizing supervised learning techniques, including XGBoost and LightGBM, to drive data-informed investment strategies.  
- Collaborated with software engineers to translate project requirements into technical specifications, ensuring seamless integration of models into existing systems.  
- Implemented time-series and graph-based modeling approaches, enhancing predictive analytics capabilities for investment portfolios.

**Junior Machine Learning Engineer**  
2018–2019  
- Assisted in the design and monitoring of machine learning models using PyTorch and TensorFlow, contributing to the optimization of model performance.  
- Utilized SQL and Python to extract, manipulate, and analyze large datasets, facilitating data-driven insights for strategic planning.  
- Engaged in the deployment of models on cloud platforms (AWS), ensuring robust performance and scalability of applications.

**Education**  
B.S. in Computer Science

**Skills**  
Python, SQL, Pandas, Scikit-Learn, PyTorch, TensorFlow, XGBoost, LightGBM, Natural Language Processing, Docker, AWS, Azure, GCP, Spark, PySpark, Scala, Dask, React, FastAPI, PostgreSQL, Firestore, BigQuery, Elastic Search, Prefect, Kafka, dbt."
95,"**Summary**  
Results-driven Senior Software Engineer with over 6 years of experience in architecting and developing supply chain systems. Proficient in C# and .NET Framework, with a strong background in ERP systems and Azure Datalake development. Adept at collaborating with cross-functional teams to optimize processes and deliver high-quality technical documentation.

**Experience**  
**Senior Software Engineer, Supply Chain Systems**  
2017–Present  
- Designed and implemented integrations with third-party applications and APIs, enhancing system interoperability and efficiency.  
- Led code reviews and contributed to the maintenance of existing functions, resulting in a 30% reduction in system downtime.  
- Developed technical specification documents and gathered business requirements to ensure alignment with operational objectives.

**Software Engineer, ERP Solutions**  
2015–2017  
- Collaborated in an agile environment to deliver software solutions for finance and warehouse management, improving data accuracy and user satisfaction.  
- Utilized MS SQL Server and reporting tools like Power BI to create insightful dashboards, facilitating data-driven decision-making for stakeholders.  
- Participated in troubleshooting and optimizing operational processes, leading to a 20% increase in overall productivity.

**Education**  
B.S. in Computer Science  

**Skills**  
C#, .NET Framework, Azure Datalake, MS SQL Server, ERP Systems, Agile Methodologies, GitHub, Azure DevOps, Microsoft Dynamics AX, Microsoft Dynamics 365, Power BI, Tableau, Technical Documentation, Problem-Solving, Team Collaboration."
96,"**Summary**  
Results-driven Staff Software Engineer with over 8 years of experience in designing and implementing scalable digital solutions. Proficient in cloud technologies, particularly Azure, and skilled in backend development, CI/CD practices, and API integrations. Proven ability to collaborate with cross-functional teams to translate business requirements into effective technical specifications.

**Experience**  
**Staff Software Engineer, Technology Solutions**  
2015–2023  
- Led the design and development of high-availability systems, enhancing operational efficiency and user experience for large-scale applications.  
- Collaborated with product managers and stakeholders to gather requirements, resulting in the successful launch of multiple features that improved system performance and reduced costs.  
- Implemented CI/CD pipelines and utilized TDD practices, increasing deployment frequency and reducing bugs by 30%.  

**Software Engineer, Cloud Services**  
2013–2015  
- Developed and maintained cloud-based applications on Azure, focusing on architecture, storage solutions, and security best practices to support business needs.  
- Created robust data pipelines and integrated third-party APIs, facilitating seamless data flow and improving system interoperability.  
- Conducted design and code reviews, mentoring junior developers on best practices in design patterns and algorithms.

**Education**  
B.S. in Computer Science

**Skills**  
Azure, Java, Python, Node.js, GraphQL, CI/CD, Test Driven Development (TDD), data pipelines, APIs, design patterns, algorithms, cloud architecture"
97,"**Summary**  
Results-driven Full Stack Developer with over 5 years of experience in the .NET environment, specializing in developing scalable software solutions. Proficient in leveraging Microsoft technologies and Agile methodologies to deliver high-performance applications, ensuring optimal user experience and system responsiveness.

**Experience**  
**Full Stack .NET Developer**  
Software Development  
2018–2023  
- Developed and maintained multiple scalable applications using .NET Core and SQL Server, enhancing system performance and user engagement.  
- Collaborated with cross-functional teams in daily standups and project reviews, fostering a culture of open communication and continuous improvement.  
- Implemented CI/CD pipelines utilizing Azure DevOps, significantly reducing deployment times and improving software release cycles.  

**Junior .NET Developer**  
Software Development  
2016–2018  
- Assisted in the design and implementation of web applications, contributing to a 30% increase in application responsiveness through efficient coding practices.  
- Participated in Agile sprints, providing valuable input during code discussions and ensuring alignment with project goals.  
- Utilized Git for version control, streamlining collaboration and code management within the development team.  

**Education**  
B.S. in Computer Science  

**Skills**  
.NET Core, Azure, SQL Server, Visual Studio, Git, Azure DevOps, Agile methodologies, problem-solving, software development lifecycle."
98,"**Summary**  
Innovative Senior Product Designer with over 6 years of experience in user-centered design and product development. Proven expertise in conducting user research, creating wireframes, and developing high-fidelity prototypes that enhance user experience and drive product success.

**Experience**  
**Senior Product Designer — Technology Industry**  
2017–Present  
- Led user research initiatives to identify customer pain points, resulting in a 30% increase in user satisfaction through enhanced product features.  
- Developed detailed wireframes and high-fidelity mock-ups using Figma, streamlining the design process and improving collaboration across teams.  
- Created comprehensive brand identity materials, including social media assets and sales decks, which contributed to a 15% increase in brand engagement.

**Product Designer — E-commerce Sector**  
2015–2017  
- Designed and tested interactive prototypes that improved user navigation, leading to a 25% increase in conversion rates.  
- Collaborated with cross-functional teams to implement visual design principles, ensuring consistency across all digital platforms.  
- Managed multiple projects simultaneously, demonstrating strong time management and multitasking abilities while meeting tight deadlines.

**Education**  
B.S. in Graphic Design  

**Skills**  
Figma, Adobe Creative Suite, Sketch, User Research, Wireframing, Prototyping, Visual Design Principles, Interaction Design, Brand Identity Development, Time Management, Problem-Solving."
99,"**Summary**  
Results-driven SQL Data Engineer with over 8 years of experience in relational databases and advanced SQL. Proficient in developing scalable data models in Snowflake and implementing data transformations using DBT, with a strong focus on optimizing performance and troubleshooting data pipelines.

**Experience**  

**SQL Data Engineer**  
Data Solutions Industry  
2019–Present  
- Developed and maintained scalable data models in Snowflake, enhancing data retrieval speeds by 30% through optimized configurations.  
- Implemented robust data transformations using DBT, resulting in a 25% reduction in data processing time and improved data accuracy.  
- Collaborated with cross-functional teams to address data needs, participating in code reviews and documenting data processes to ensure best practices.

**Data Engineer**  
Information Technology Sector  
2015–2019  
- Built and managed data warehousing solutions, including ETL/ELT processes using SnapLogic, which streamlined data integration from various sources.  
- Leveraged advanced SQL and stored procedures to troubleshoot and resolve data pipeline issues, improving system reliability by 40%.  
- Engaged in Agile project planning and execution, successfully delivering multiple data projects on time and within budget.

**Education**  
B.S. in Computer Science  

**Skills**  
SQL, Snowflake, DBT, Data Warehousing, SnapLogic, SAP ECC, Salesforce, SAP HANA, Relational Databases, Agile Methodologies, Data Transformation, Performance Optimization."
100,"Summary  
Results-driven IT Systems Engineer with over 7 years of experience in managing enterprise-level IT infrastructure, both on-premises and in cloud environments. Expertise in server management, network communications, and security, with a strong focus on process optimization and task automation.

Experience  
Senior IT Systems Engineer, Biotechnology Industry  
2016–Present  
- Managed and optimized cloud and on-premises infrastructure, leading to a 30% increase in system performance and reliability.  
- Developed and implemented automation scripts for routine tasks, significantly reducing manual intervention and improving operational efficiency.  
- Collaborated with cross-functional teams to enhance network security protocols, resulting in a 40% decrease in security incidents.

IT Systems Administrator, Healthcare Sector  
2014–2016  
- Provided administration and support for Windows and Linux operating systems, ensuring high availability and performance of enterprise services.  
- Implemented disaster recovery solutions and backup strategies, achieving a 99.9% data recovery success rate during incidents.  
- Monitored network performance using enterprise monitoring tools, proactively identifying and resolving issues to maintain optimal service levels.

Education  
B.S. in Computer Science  

Skills  
AWS, Azure, Windows OS, Linux OS, VMware vCenter, MS SQL, Oracle, Microsoft 365, Active Directory, Nagios, networking technologies, SD-WAN, firewalls, DLP solutions, wireless networking, disaster recovery solutions."
101,"**Summary**  
Senior Java Software Engineer with over 10 years of experience in backend development, specializing in Java and AWS. Proven track record in leading teams and delivering high-quality applications within Agile environments, with a strong focus on database interaction and API development.

**Experience**  
**Senior Java Developer**  
Financial Services Industry  
2018–Present  
- Led a team in developing scalable Java applications, improving transaction processing speed by 30% through optimized backend services.  
- Collaborated on the pay reconciliation workstream, enhancing database connectivity and API efficiency, resulting in a 25% reduction in error rates.  
- Transitioned to frontend development using JavaScript frameworks, implementing responsive UI features that increased user engagement by 40%.  

**Java Software Engineer**  
Financial Services Industry  
2015–2018  
- Developed and maintained backend services in Java, integrating with AWS cloud solutions to ensure high availability and performance.  
- Implemented CI/CD pipelines using Terraform, streamlining deployment processes and reducing time to market by 15%.  
- Participated in Agile ceremonies, enhancing team communication and project transparency, leading to improved sprint outcomes.

**Education**  
B.S. in Computer Science

**Skills**  
Java, AWS, JavaScript, TypeScript, Node.js, Vue 3, React, Angular, CI/CD, Terraform, Kafka, Agile methodologies, database connectivity."
102,"**Summary**  
Results-driven .NET Developer with over 5 years of experience in designing and implementing robust financial applications. Proficient in .NET Core, REST API, and SQL Server, with a strong background in production support and issue resolution.

**Experience**  
**.NET Developer – Financial Services**  
2018–Present  
- Designed and developed new features for large-scale billing applications, enhancing user experience and increasing efficiency by 30%.  
- Provided ongoing support and troubleshooting for production issues, successfully reducing downtime by 25% through effective problem resolution.  
- Collaborated with cross-functional teams to integrate REST APIs, improving data exchange and system interoperability.

**Software Engineer – Financial Technology**  
2016–2018  
- Developed and maintained .NET applications, ensuring compliance with financial regulations and standards.  
- Implemented SQL Server solutions for data management, optimizing query performance and reducing response times by 20%.  
- Assisted in migrating applications to Azure, leveraging cloud technologies to enhance scalability and reliability.

**Education**  
B.S. in Computer Science

**Skills**  
.NET Core, .NET 4, REST API, SQL Server, Azure, production support, service broker, messaging queue technologies"
103,"**Summary**  
Detail-oriented .NET Developer with over 4 years of experience in designing, developing, and maintaining scalable applications. Proficient in the .NET framework, C#, and SQL Server, with a strong focus on performance optimization and quality assurance.

**Experience**  
**.NET Developer**  
Software Development  
2019–Present  
- Designed and implemented multiple .NET applications, enhancing system performance by 30% through effective bottleneck identification and resolution.  
- Collaborated with cross-functional teams to develop new features, ensuring high-quality deliverables aligned with Agile methodologies.  
- Integrated Microsoft SQL Server and Entity Framework for robust data storage solutions, improving data retrieval times by 25%.  

**Junior .NET Developer**  
Tech Solutions  
2018–2019  
- Assisted in the development of web applications using ASP.NET MVC and Web API, contributing to a 20% increase in user engagement through improved functionality.  
- Participated in code reviews and utilized Git for version control, enhancing team collaboration and code quality.  
- Implemented security measures and data protection protocols, ensuring compliance with industry standards.  

**Education**  
B.S. in Computer Science  
University of Technology  

**Skills**  
.NET Framework, .NET Core, C#, Microsoft SQL Server, Entity Framework, ASP.NET MVC, Web API, JavaScript, HTML5, CSS3, Agile methodologies, Azure, AWS, Git"
104,"**Summary**  
Innovative Senior UX Designer with over 5 years of experience in enhancing mobile application user experiences across Android and iOS platforms. Proficient in creating user-centric designs and utilizing data-driven insights to inform design decisions, with a strong portfolio showcasing A/B testing and UI component library development.

**Experience**  
**Senior UX Designer, Mobile Applications**  
2018–2023  
- Led the design of user-friendly interfaces for fitness and wellness mobile applications, increasing user engagement by 30% through iterative design improvements.  
- Collaborated effectively with cross-functional teams, including product management and engineering, to align design goals with business objectives and technical feasibility.  
- Conducted A/B testing to validate design choices, resulting in a 25% increase in user satisfaction scores based on qualitative feedback.

**UX Designer, Mobile Applications**  
2016–2018  
- Developed wireframes and prototypes for mobile apps, enhancing usability and accessibility for diverse user demographics.  
- Utilized analytics and user feedback to inform design iterations, achieving a 20% reduction in user drop-off rates.  
- Established a comprehensive UI component library that streamlined design processes and ensured consistency across multiple projects.

**Education**  
B.S. in Graphic Design  
University of Design, 2016  

**Skills**  
Figma, Sketch, Adobe Creative Suite, A/B Testing, User Research, Wireframing, Prototyping, Mobile App Design, UI Component Libraries, Agile Methodologies, Collaboration Tools."
105,"**Summary**  
Detail-oriented Data Engineer with over 6 years of experience in data management and automation, specializing in data quality and financial reporting. Proven ability to resolve data issues effectively while optimizing data infrastructure and enhancing observability.

**Experience**  
**Data Engineer**  
2017–2023  
- Developed and maintained ETL processes using Informatica and DataStage, improving data quality and reducing processing times by 30%.  
- Monitored dashboards and data quality reports, successfully identifying and resolving data discrepancies, which enhanced overall data integrity.  
- Collaborated with cross-functional teams to automate data quality monitoring, leading to a 25% increase in efficiency in data ingestion and transformation workflows.  

**Data Analyst**  
2015–2017  
- Conducted in-depth analysis of financial data, ensuring compliance with regulatory reporting requirements and improving accuracy by implementing rigorous validation checks.  
- Utilized Python and shell scripting to automate data processing tasks, significantly reducing manual intervention and errors.  
- Assisted in optimizing database performance through strategic indexing and partitioning, resulting in improved query response times.

**Education**  
B.S. in Computer Science  

**Skills**  
ETL, ELT, Abinitio, Informatica, DataStage, Python, Unix shell scripting, relational databases, non-relational databases, data quality, data management, financial reporting, database performance optimization, data warehousing."
106,"**Summary**  
Data Scientist with over 8 years of experience specializing in deep learning and natural language processing, particularly with transformer models like BERT. Proven track record in training and evaluating complex models, leveraging advanced programming skills in Python and proficiency in cloud-based technologies.

**Experience**  
**Senior Data Scientist - AI/ML Industry**  
2015–Present  
- Developed and optimized transformer models, including BERT and its variants, achieving a 25% improvement in performance metrics for NLP tasks.  
- Led a team in deploying scalable machine learning solutions using Docker and Kubernetes, enhancing model accessibility and usability in production environments.  
- Conducted extensive evaluations of model performance and implemented strategies for continuous improvement, utilizing Jupyter for data visualization and reporting.

**Data Scientist - Biotechnology Sector**  
2013–2015  
- Analyzed genomics data to extract insights using deep learning techniques, contributing to advancements in molecular genetics research.  
- Collaborated on projects utilizing distributed computing frameworks such as Spark and Dask, significantly reducing processing time for large datasets.  
- Designed and implemented training pipelines for large language models, ensuring robust testing and validation processes.

**Education**  
M.S. in Data Science, University of Technology  

**Skills**  
Transformers, BERT, Python, PyTorch, Linux, Docker, Kubernetes, Jupyter, Deep Learning, Natural Language Processing, Large Language Models, Genomics Data, Molecular Genetics, Distributed Computing, Ray, Dask, Spark"
107,"**Summary**  
Innovative Senior UX/UI Designer with over 5 years of experience in the medical device industry. Proven expertise in leading design strategies, conducting user research, and crafting user-centered prototypes while collaborating with cross-functional teams to achieve business objectives.

**Experience**  

**Senior UX/UI Designer**  
Medical Device Industry  
2019–Present  
- Led the design strategy for multiple enterprise applications, enhancing user engagement and streamlining internal processes.  
- Mentored junior designers in UX/UI best practices, fostering a collaborative and innovative design environment.  
- Conducted user research and usability testing, translating findings into actionable design improvements using Figma and other design tools.  

**UX/UI Designer**  
Healthcare Technology  
2017–2019  
- Developed wireframes and prototypes for user-centered solutions that improved usability and accessibility in medical applications.  
- Collaborated with developers and project managers in an Agile environment to ensure seamless integration of design and functionality.  
- Maintained UI pattern libraries and design systems, ensuring consistency and high-quality standards across projects.  

**Education**  
B.S. in Graphic Design  
University of Design  

**Skills**  
Figma, Visio, LucidChart, HTML, CSS, Agile methodologies, user research, usability testing, wireframing, prototyping, design systems, UI pattern libraries."
108,"**Summary**  
Cloud Engineer with over 5 years of experience in developing Documentum-based solutions and managing cloud migrations to AWS. Proficient in Java/J2EE and skilled in Documentum technologies, including DFC, DQL, and D2 configurations, with a strong ability to lead projects and innovate solutions.

**Experience**  

**Senior Cloud Engineer**  
2019–2023  
- Led the development and deployment of Documentum solutions, enhancing system efficiency and performance by 30%.  
- Managed the migration of legacy systems to AWS, ensuring a seamless transition while minimizing downtime.  
- Collaborated with cross-functional teams to design and implement scalable cloud architectures, integrating best practices and innovative solutions.

**Cloud Solutions Architect**  
2018–2019  
- Designed and implemented Documentum configurations, including DFC and DQL, to optimize document management workflows.  
- Conducted technical assessments and provided strategic recommendations for cloud infrastructure, resulting in a 25% reduction in operational costs.  
- Developed training materials and conducted workshops on Documentum and AWS integration for team members.

**Education**  
B.S. in Computer Science

**Skills**  
Java, J2EE, Documentum, DFC, DQL, D2 configurations, AWS, Cloud Migration, Solution Architecture, Technical Leadership, Agile Methodologies"
109,"**Summary**  
Accomplished Software Engineer with over 8 years of experience in designing and implementing scalable infrastructure for machine learning applications. Proficient in developing fault-tolerant systems and optimizing AI algorithms within public cloud environments, with a strong focus on collaboration and regulatory compliance.

**Experience**  
**Senior Software Engineer, Machine Learning Systems**  
2019–2023  
- Led the design and implementation of distributed computing architectures, enhancing the performance of large-scale ML model training by 30%.  
- Developed MLOps capabilities that streamlined deployment processes, reducing time-to-market for AI solutions by 25%.  
- Collaborated with cross-functional teams to ensure alignment of AI systems with regulatory standards, resulting in successful compliance audits.

**Software Engineer, AI Infrastructure**  
2015–2019  
- Built and maintained fault-tolerant infrastructure for serving large machine learning models in cloud environments, improving system reliability by 40%.  
- Optimized AI algorithms using Python and C++, contributing to a 20% increase in model accuracy.  
- Engaged in open-source projects focused on neural networks, enhancing community knowledge and best practices in distributed training.

**Education**  
M.S. in Computer Science  
B.S. in Information Technology  

**Skills**  
Python, C++, MLOps, Distributed Computing, HPC, TensorFlow, PyTorch, Azure, GCP, GPU Cluster Architecture, GenAI Technologies, VectorDBs, Open-Source Contributions, Machine Learning Systems."
110,"**Summary**  
Dedicated Site Reliability Engineer with over 5 years of experience in managing application infrastructure and automating deployments in Azure cloud environments. Proven track record in enhancing system performance and ensuring high availability through effective monitoring and operational process improvements.

**Experience**  
**Site Reliability Engineer**  
2018–Present  
- Spearheaded the implementation of automation tools like Puppet and Ansible, resulting in a 30% reduction in deployment times and improved system reliability across cloud and on-premise applications.  
- Collaborated with cross-functional teams to provide 24x7 application support, achieving a consistent 99.9% uptime for critical applications through proactive monitoring and incident management.  
- Enhanced observability by integrating Splunk and AppDynamics, leading to quicker identification of performance bottlenecks and a 25% increase in system optimization efforts.

**DevOps Engineer**  
2016–2018  
- Developed and maintained CI/CD pipelines using GitLab, streamlining the code deployment process and ensuring adherence to SLO/SLI/SLA criteria.  
- Implemented static and dynamic code testing protocols, significantly improving the security and quality of production code prior to deployment.  
- Conducted troubleshooting and web development tasks utilizing JEE, JMS, and JDBC, successfully addressing operational gaps and enhancing application performance.

**Education**  
B.S. in Computer Science  

**Skills**  
Azure, Puppet, Ansible, Splunk, AppDynamics, JEE, JMS, JDBC, GitLab, CI/CD, Git-flow, automation tools, incident management, performance optimization, application monitoring."
111,"**Summary**  
Detail-oriented Python Developer with over 5 years of experience in software development and a strong focus on test-driven development. Proficient in building scalable applications using Python and Golang, with expertise in CI/CD pipelines and cloud technologies, particularly AWS.

**Experience**  

**Senior Python Developer - Software Development**  
2019–Present  
- Led the design and implementation of robust applications using Python and Golang, enhancing system performance and maintainability.  
- Developed and maintained CI/CD pipelines utilizing Jenkins and Docker, significantly reducing deployment times and improving code quality through automated testing.  
- Collaborated on API development to automate enterprise tasks, resulting in a 30% increase in operational efficiency.

**Python Developer - Software Solutions**  
2017–2019  
- Contributed to the development of cloud-based applications on AWS, leveraging EC2, RDS, S3, and Lambda for scalable solutions.  
- Implemented best practices in test-driven development, which improved code reliability and reduced bugs by 25%.  
- Assisted in the migration of legacy systems to microservices architecture, enhancing system resilience and scalability.

**Education**  
B.S. in Computer Science  

**Skills**  
Python, Golang, AWS (EC2, RDS, S3, ECS, Lambda), Jenkins, Docker, CI/CD, API Development, Test-Driven Development, Microservices Architecture, Agile Methodologies"
112,"**Summary**  
Results-driven Senior Software Engineer with over 6 years of experience in data engineering and software development. Proven expertise in building scalable machine learning platforms and designing robust data pipelines to optimize performance and enhance product functionality. Strong communicator adept at collaborating with cross-functional teams to deliver innovative solutions.

**Experience**  
**Senior Data Engineer**  
2018–Present  
- Developed and maintained automated data pipelines using Apache Airflow, improving data processing efficiency by 30%.  
- Designed and implemented a machine learning data platform that supports analytics for product enhancement, leading to a 25% increase in user engagement.  
- Collaborated with product management and engineering teams to integrate data solutions into SaaS offerings, ensuring alignment with business goals.

**Software Engineer**  
2016–2018  
- Engineered ETL processes for large-scale data ingestion from various sources into AWS S3 and Redshift, enhancing data accessibility for analytics.  
- Utilized Python and Apache Spark to build data models and perform complex data transformations, reducing processing time by 40%.  
- Participated in cross-departmental projects, effectively communicating technical concepts to non-technical stakeholders.

**Education**  
B.S. in Computer Science  

**Skills**  
Python, Apache Spark, Kafka, Airflow, AWS EC2, AWS S3, Redshift, MySQL, MongoDB, ETL, dimensional data modeling, machine learning, cloud data architecture, SaaS, data pipeline design."
113,"**Summary**  
Detail-oriented Software Engineer with over 5 years of experience in developing and maintaining robust data processing solutions. Proficient in Golang and SQL, with a strong background in building REST APIs and creating executive reports using Power BI for financial stakeholders.

**Experience**  
**Software Engineer**  
2019–Present  
- Developed and optimized APIs and file-based integrations for data ingestion, processing both structured and unstructured data.  
- Led peer code reviews and collaborated on cross-functional projects, enhancing team productivity and code quality.  
- Created comprehensive workflow diagrams and documentation to support the onboarding of 400+ internal users, improving operational efficiency.

**Data Engineer**  
2017–2019  
- Designed database schemas and wrote efficient SQL queries for data retrieval and reporting, contributing to the successful delivery of executive reports.  
- Implemented data processing pipelines using AWS and Kubernetes, ensuring high availability and scalability of applications.  
- Collaborated with finance and operations teams to analyze data requirements and deliver actionable insights through Power BI.

**Education**  
B.S. in Computer Science  

**Skills**  
Golang, REST APIs, JSON, XML, CSV, PostgreSQL, MySQL, SQL, AWS, Kubernetes, Docker, Power BI, Git"
114,"Summary  
Results-driven Data Engineer with over 5 years of experience in managing and optimizing data infrastructures. Proficient in developing data pipelines and implementing solutions using PySpark, DataBricks, Snowflake, and Redshift to enhance data quality and analytics. Strong background in data governance and mentoring junior engineers.

Experience  
Senior Data Engineer, Financial Services  
2018–Present  
- Developed and maintained robust data pipelines utilizing PySpark and DataBricks, improving data processing efficiency by 30%.  
- Designed and optimized data solutions for analytics and machine learning, resulting in a 25% increase in reporting accuracy and speed.  
- Collaborated with cross-functional teams to define data requirements and implemented data governance policies, ensuring compliance and data integrity.

Data Engineer, Technology Solutions  
2016–2018  
- Administered cloud-based platforms (Snowflake and Redshift) for enhanced performance and scalability, achieving a 40% reduction in query times.  
- Implemented ETL processes and data modeling techniques that streamlined data access for analytics teams, increasing productivity by 20%.  
- Troubleshot data issues and provided mentorship to junior team members, fostering a collaborative and knowledge-sharing environment.

Education  
B.S. in Computer Science  

Skills  
PySpark, DataBricks, Snowflake, Redshift, Python, ETL processes, data modeling, data warehousing, data governance, machine learning techniques, cloud-based platforms."
115,"**Summary**  
Results-driven Senior Staff Software Engineer with over 8 years of experience in designing and deploying scalable cloud-based applications. Proficient in developing machine learning operations with a focus on Natural Language Processing and Computer Vision, complemented by a strong background in software architecture and full product lifecycle management.

**Experience**  
**Senior Software Engineer, Automotive Technology**  
2019–Present  
- Designed and implemented cloud-based applications utilizing AWS, enhancing system scalability and reliability for automated vehicle repair solutions.  
- Developed and integrated machine learning algorithms for document processing, improving accuracy and efficiency in data extraction and analysis.  
- Led the front-end development of user interfaces, ensuring a seamless user experience while adhering to MVC architecture principles.

**Software Engineer, Cloud Solutions**  
2015–2019  
- Created RESTful APIs and back-end processes for data manipulation, optimizing performance for high-traffic applications.  
- Managed and maintained machine learning projects, focusing on secure coding practices and compliance with industry standards.  
- Collaborated with cross-functional teams to streamline project workflows and enhance communication, resulting in a 20% reduction in development time.

**Education**  
B.S. in Computer Science  

**Skills**  
Python, Django, Flask, RESTful APIs, MVC, MVT, PostgreSQL, MySQL, MongoDB, Cassandra, AWS, Google Cloud Platform, Azure, Natural Language Processing, Computer Vision, secure coding practices, machine learning operations."
116,"**Summary**  
Detail-oriented Java Backend Developer with over 4 years of experience in designing and implementing scalable applications. Proficient in backend development using Java and AWS, with a strong focus on optimizing performance and ensuring seamless integration of APIs. Adept at collaborating with cross-functional teams to deliver high-quality software solutions.

**Experience**  
**Java Backend Developer**  
Software Development, 2019–Present  
- Developed and maintained robust Java-based applications, improving application performance by 30% through effective optimization techniques.  
- Collaborated with product and design teams to define and implement new features, ensuring alignment with user requirements and business goals.  
- Participated in code reviews, providing constructive feedback that enhanced code quality and team productivity.

**Software Engineer**  
Tech Solutions, 2018–2019  
- Designed and integrated RESTful APIs, facilitating seamless communication between frontend and backend systems, resulting in a 25% increase in user engagement.  
- Managed database systems and optimized queries, reducing data retrieval times by 40%.  
- Engaged in troubleshooting and debugging processes, resolving critical issues that improved system reliability.

**Education**  
B.S. in Computer Science  

**Skills**  
Java, AWS, RESTful APIs, Database Management Systems, Spring Framework, Microservices Architecture, Agile Methodologies, Git, Problem-Solving, Team Collaboration."
117,"**Summary**  
Cloud Software Engineer with over 5 years of experience in developing and deploying applications in cloud environments. Proficient in cloud-native solutions and passionate about leveraging iterative development methodologies to enhance software quality and security.

**Experience**  
**Cloud Software Engineer**  
2018–Present  
- Developed and deployed scalable applications on AWS GovCloud, ensuring compliance with security best practices and government standards.  
- Led a team in implementing containerization strategies using Docker and Kubernetes, improving deployment efficiency by 30%.  
- Designed and integrated RESTful APIs, enhancing interoperability with third-party services and optimizing data flow across cloud systems.  

**Software Developer**  
2016–2018  
- Collaborated on cloud architecture design, focusing on virtualization and networking to support robust application performance.  
- Implemented DevSecOps principles, automating security checks within the CI/CD pipeline, resulting in a 25% reduction in vulnerabilities.  
- Contributed to the development of data lakes and data warehousing solutions, utilizing big data tools to support analytics initiatives.

**Education**  
M.S. in Computer Science  
B.S. in Data Science  

**Skills**  
AWS GovCloud, Docker, Kubernetes, RESTful APIs, DevSecOps, Cloud Architecture, Containerization, Virtualization, Networking, Data Lakes, Big Data Tools, Security Best Practices"
118,"**Summary**  
Detail-oriented Junior UX/UI Designer with 2 years of experience in creating visually appealing designs for digital platforms. Proficient in typography, layout, and branding, with a strong ability to collaborate across teams and meet tight deadlines while maintaining brand consistency.

**Experience**  
**Junior UX/UI Designer**  
Digital Marketing Industry  
2021–2023  
- Developed engaging website and social media graphics, enhancing user experience and increasing audience engagement by 25%.  
- Collaborated with writers and project managers to ensure alignment of design concepts with marketing strategies, resulting in a cohesive brand presence.  
- Conducted image research and resizing tasks, optimizing visual content for various digital platforms while adhering to brand guidelines.

**Education**  
B.S. in Graphic Design  
University of Design

**Skills**  
Figma, Adobe Photoshop, Adobe Illustrator, HTML, CSS, InDesign, motion graphics, MS Office, typography, layout design, branding, problem-solving, effective communication."
119,"**Summary**  
Results-driven Senior Software Engineer with over 5 years of experience in developing end-to-end technology solutions for data analytics and quantitative research. Proficient in Python and Java, with a strong focus on clean, maintainable code and test-driven development. Skilled in collaborating with cross-functional teams to deliver high-quality software in fast-paced environments.

**Experience**  
**Senior Software Engineer - Financial Technology**  
2019–Present  
- Led the development of scalable data processing solutions, enhancing the efficiency of quantitative research workflows and improving data accessibility for analysts.  
- Implemented CI/CD pipelines using Jenkins and Git, resulting in a 30% reduction in deployment times and increased code reliability through automated testing frameworks.  
- Collaborated with quantitative analysts to define technology stacks, ensuring alignment with business requirements and driving the adoption of best practices in software development.

**Software Engineer - Data Services**  
2017–2019  
- Developed and maintained large-scale distributed applications, utilizing Python, Java, and front-end technologies including Angular and Node.js to create user-friendly interfaces for data management.  
- Designed and optimized database applications using Oracle and Snowflake, improving data retrieval times and supporting complex statistical analyses for investment securities.  
- Conducted code reviews and mentorship sessions, fostering a culture of clean coding and continuous improvement within the development team.

**Education**  
B.S. in Computer Science

**Skills**  
Python, Java, JavaScript, Angular, Node.js, CSS, HTML, Oracle, Snowflake, GIT, Jenkins, Artifactory, CI/CD, automated testing, quantitative finance, statistical analysis."
120,"**Summary**  
Detail-oriented Systems Engineer with over 5 years of experience in quality assurance and electronic systems integration for military applications. Proficient in troubleshooting, installation, and maintenance of network systems, with a strong background in supporting government acceptance tests and ensuring compliance with quality standards.

**Experience**  
**Systems Engineer / Quality Assurance Specialist**  
2018–Present  
- Provided integration support for U.S. Navy network systems at a major engineering facility, facilitating seamless operations during Government Acceptance Tests.  
- Developed and maintained engineering drawings and technical documentation, addressing inquiries from production personnel to enhance installation accuracy and efficiency.  
- Oversaw installation and modifications in production labs and onboard naval vessels, ensuring compliance with military standards and optimizing network infrastructure performance.

**Electronics Technician**  
2016–2018  
- Conducted troubleshooting, repair, and maintenance of electronic systems and components, achieving a 20% reduction in equipment downtime through effective problem-solving strategies.  
- Utilized Configuration Management tools for inventory verification and work order tracking, streamlining the installation process for network components.  
- Collaborated with cross-functional teams to analyze and replace parts on equipment, contributing to improved system reliability and performance metrics.

**Education**  
B.S. in Electrical Engineering

**Skills**  
Configuration Management, product lifecycle management, electronic systems integration, troubleshooting, maintenance and repair, installation, Fiber and LAN Data Cable Tester, Megger, multimeter, Microsoft Windows, Linux, VMware ESX, vSphere, DOD Secret clearance."
121,"**Summary**  
Detail-oriented Systems Engineer with over 3 years of experience in defense-related programs, specializing in systems engineering throughout the design life cycle. Proficient in requirements verification, technical documentation, and SysML modeling, with a strong ability to collaborate within multi-disciplinary teams.

**Experience**  
**Systems Engineer**  
Defense Industry  
2019–Present  
- Supported the Hypersonics Weapons Program by developing and verifying system requirements, ensuring compliance with defense standards.  
- Created and maintained SysML models to visualize system architecture and facilitate communication among stakeholders.  
- Authored technical documents that improved clarity and understanding of system specifications for program management and subcontractors.  

**Junior Systems Engineer**  
Aerospace Sector  
2018–2019  
- Assisted in configuration management and documentation for the Enduring Shield Program, enhancing project tracking and accountability.  
- Conducted requirements tracing to ensure alignment with project goals, contributing to successful program milestones.  
- Collaborated with cross-functional teams to refine system designs and address technical challenges effectively.  

**Education**  
B.S. in Systems Engineering  

**Skills**  
SysML, Cameo Systems Modeler, requirements verification, technical documentation, configuration management, DoD standards, multi-disciplinary collaboration, OCSMP certification (in progress)."
122,"**Summary**  
Detail-oriented Data Analyst with over 5 years of experience in data management and analytics. Proficient in developing ETL processes and creating technical documentation while ensuring compliance with corporate standards. Skilled in leveraging cloud technologies and data governance to drive process improvements and support cross-departmental collaboration.

**Experience**  

**Data Analyst**  
Healthcare Industry  
2018–Present  
- Developed and implemented ETL mappings using Informatica PowerCenter, enhancing data ingestion efficiency by 30%.  
- Created Business Requirements Documents (BRDs) and Technical Design Documents (TRDs) to streamline project management and ensure alignment with corporate policies.  
- Conducted in-depth data analysis using SQL, PL/SQL, and Python, leading to significant insights that informed strategic decision-making.

**Junior Data Analyst**  
Financial Services Industry  
2016–2018  
- Assisted in the design and development of data ingestion pipelines utilizing AWS SQS, resulting in improved data flow and accessibility.  
- Collaborated with cross-functional teams to identify process improvements, contributing to a 15% increase in operational efficiency.  
- Maintained and updated technical documentation for data warehouse and analytics projects, ensuring clarity and compliance.

**Education**  
B.S. in Computer Science  

**Skills**  
AWS, Informatica PowerCenter, SQL, PL/SQL, Python, Unix Shell Scripting, Data Governance, ETL, Technical Documentation, Data Warehouse Development, Business Requirements Documentation (BRD), Technical Design Documentation (TRD)."
123,"Summary  
Detail-oriented Senior AI Engineer with over 5 years of experience in designing and implementing machine learning models and AI services. Proficient in developing scalable AI solutions and managing data pipelines, with a strong background in Natural Language Processing and Generative AI.

Experience  
Senior AI Engineer, Technology Solutions  
2018–Present  
- Designed and implemented machine learning algorithms that improved model accuracy by 25%, enhancing product performance and user engagement.  
- Developed and maintained cloud-based infrastructure for AI integration, ensuring seamless deployment and monitoring of AI solutions in production environments.  
- Collaborated with cross-functional teams to create RESTful APIs, facilitating efficient data exchange and integration of AI services within microservices architecture.  

AI Developer, Software Innovations  
2016–2018  
- Engineered data pipelines that enhanced data quality and security, leading to a 30% reduction in data processing time.  
- Conducted extensive testing and evaluation of NLP models, resulting in the successful launch of a chatbot that improved customer satisfaction ratings by 40%.  
- Utilized big data frameworks such as Spark and DataBricks to process large datasets, enabling the development of robust AI solutions.

Education  
M.S. in Computer Science  
B.S. in Artificial Intelligence  

Skills  
C# .NET, Machine Learning, Natural Language Processing, Generative AI, SaaS Architecture, Microservices, RESTful APIs, Azure, AWS, GCP, Spark, DataBricks, Data Pipeline Management, Model Evaluation, Cross-Functional Collaboration."
124,"**Summary**  
Results-driven Software Engineer with over 5 years of experience in enhancing software development processes and product quality. Proficient in CI/CD practices, cloud services, and scripting languages, with a strong focus on optimizing toolchains and collaborating across teams to deliver technical solutions.

**Experience**  
**Software Engineer**  
2018–2023  
- Developed and optimized build production toolchains, significantly reducing build times and improving development efficiency for a major gaming franchise.  
- Implemented CI/CD pipelines that increased deployment frequency and improved software reliability, while closely monitoring technical KPIs to ensure high-quality outputs.  
- Collaborated with cross-functional teams to create documentation and technical strategies, enhancing communication and alignment on project goals.

**Junior Software Engineer**  
2016–2018  
- Assisted in the maintenance and enhancement of cloud-based services, gaining hands-on experience with AWS and improving system scalability and performance.  
- Contributed to the development of internal tools using Python and PowerShell, streamlining workflows and automating repetitive tasks for the engineering team.  
- Supported senior engineers in mentoring junior team members, fostering a collaborative environment and promoting best practices in software development.

**Education**  
B.S. in Computer Science

**Skills**  
Git, Perforce, AWS, PowerShell, Python, CI/CD, Frostbite engine, software development, technical documentation, cloud architectures, team collaboration"
125,"**Summary**  
Experienced Senior Software Engineer with over 5 years in designing and deploying Python-based applications. Proficient in developing scalable solutions and mentoring junior developers, with a strong focus on performance optimization and security best practices.

**Experience**  
**Senior Software Engineer, Technology**  
2018–Present  
- Led the design and implementation of scalable Python applications using Django and Flask, enhancing system performance by 30%.  
- Collaborated with cross-functional teams to gather requirements, resulting in a 25% reduction in project delivery time.  
- Conducted code reviews and mentored a team of 5 junior developers, fostering best practices in software development and improving code quality.

**Software Engineer, Software Development**  
2016–2018  
- Developed RESTful APIs and microservices in Python, leveraging FastAPI and MongoDB, which improved application responsiveness by 40%.  
- Implemented security protocols and optimized database queries for PostgreSQL, leading to a 20% increase in application security and efficiency.  
- Engaged in continuous learning and adaptation of emerging Python trends, ensuring the team remained at the forefront of technology.

**Education**  
B.S. in Computer Science

**Skills**  
Python, Django, Flask, FastAPI, PostgreSQL, MySQL, MongoDB, Redis, AWS, Azure, GCP, Object-Oriented Programming, Asynchronous Programming, Code Review, Performance Optimization, Security Best Practices."
126,"**Summary**  
Detail-oriented Data Analyst with over 5 years of experience in gathering and analyzing business requirements within Agile environments. Proficient in writing user stories, preparing system design documents, and leading testing phases, including user acceptance testing.

**Experience**  
Data Analyst  
2018–2023  
- Collaborated with cross-functional teams to gather and document business requirements, ensuring alignment with project goals and stakeholder expectations.  
- Developed user stories and roadmaps that enhanced project visibility and streamlined development processes.  
- Led all phases of testing, including system and user acceptance testing, resulting in a 20% reduction in post-deployment defects.

Business Analyst  
2016–2018  
- Facilitated requirement-gathering sessions and created detailed functional specifications, contributing to the successful launch of multiple software solutions.  
- Established effective communication channels across organizational levels, improving stakeholder engagement and feedback loops.  
- Designed and executed test cases and conditions, ensuring comprehensive coverage of system functionalities.

**Education**  
M.S. in Data Science

**Skills**  
Agile methodology, SDLC, requirement gathering, user stories, system design documentation, testing (system, integration, user acceptance), use cases, data analysis tools (Excel, SQL, Tableau), effective communication, leadership skills."
127,"**Summary**  
Detail-oriented Software Developer with over 4 years of experience specializing in audio systems for video games. Proficient in Unreal Engine 5 and audio programming APIs, with a strong focus on developing interactive audio experiences and optimizing resource usage.

**Experience**  
**Software Developer - Audio Systems**  
2019–2023  
- Developed and integrated advanced audio systems and tools for a third-person action RPG, enhancing player immersion through optimized sound effects and music.  
- Collaborated closely with audio designers to implement interactive audio elements, successfully utilizing Wwise and FMOD for high-quality playback.  
- Diagnosed and resolved complex audio issues, ensuring engine stability and maintaining documentation for audio systems and APIs to facilitate team collaboration.

**Junior Audio Programmer**  
2018–2019  
- Assisted in the development of audio production workflows, creating scripts and plugins that improved efficiency and streamlined asset integration.  
- Participated in code reviews and technical discussions, contributing to maintainable code practices and enhancing overall project quality.  
- Gained hands-on experience in diagnosing audio playback issues, providing technical support to ensure seamless audio experiences.

**Education**  
B.S. in Computer Science  
University of Technology

**Skills**  
Unreal Engine 5, C++, Wwise, FMOD, audio processing, interactive audio techniques, audio mixing, troubleshooting, documentation, team collaboration, code review."
128,"**Summary**  
Results-driven Python Developer with over 8 years of experience in implementing AI/ML solutions and developing web applications. Proficient in data analysis and visualization, with a strong background in leveraging Python libraries and frameworks to drive business insights and enhance application functionality.

**Experience**  
**Senior Python Developer**  
Software Development  
2015–2023  
- Developed and deployed AI/ML models using Python and libraries such as SciKit-Learn and Pandas, improving predictive accuracy by 30%.  
- Led the design and implementation of RESTful web services in Django, enhancing application performance and user experience.  
- Conducted extensive data analysis and visualization using Matplotlib and Tableau, resulting in actionable insights that guided strategic decision-making.

**Python Developer**  
Technology Solutions  
2013–2015  
- Collaborated with cross-functional teams to create data-driven web applications, utilizing Python and SQL to manage relational databases effectively.  
- Implemented data processing pipelines, leveraging NumPy for efficient data manipulation and analysis, which reduced processing time by 25%.  
- Designed interactive dashboards in Tableau, providing real-time data visualization for stakeholders.

**Education**  
B.S. in Computer Science  
University of Technology

**Skills**  
Python, SciKit-Learn, Pandas, NumPy, Matplotlib, Django, RESTful APIs, SQL, Tableau, Data Analysis, Data Visualization"
129,"**Summary**  
Dedicated Machine Learning Engineer with over 4 years of experience in designing and implementing end-to-end machine learning pipelines. Proficient in Azure ML and DevOps practices, with a strong foundation in Python and automation tools, aimed at optimizing model performance and ensuring data quality.

**Experience**  
**Machine Learning Engineer**  
E-commerce/Retail Industry  
2019–Present  
- Designed and maintained scalable machine learning pipelines, enhancing model training and deployment efficiency by 30%.  
- Collaborated with cross-functional teams to integrate predictive models into production environments, resulting in a 20% increase in operational accuracy.  
- Developed automation tools using Azure DevOps and Jenkins to streamline the machine learning workflow, reducing deployment time by 40%.

**Junior Data Scientist**  
Technology Solutions  
2018–2019  
- Assisted in the creation of machine learning models for data analysis, contributing to a 15% improvement in customer insights.  
- Implemented monitoring solutions for model performance and data quality, ensuring compliance with best practices in software engineering.  
- Participated in code reviews and adopted TDD methodologies to enhance code reliability and maintainability.

**Education**  
B.S. in Computer Science  
University of Technology  

**Skills**  
Azure ML, Azure DevOps, Azure Container Apps, Python, Java, Docker, Kubernetes, JIRA, Ansible, Jenkins, CI/CD, IaC, Git, GitLab, GitHub, TDD, model versioning, data quality monitoring."
130,"**Summary**  
Results-driven Machine Learning Engineer with over 5 years of experience in developing and deploying large language models (LLMs) for healthcare applications. Proven track record in product development and AI research, with a strong focus on enhancing patient outcomes through innovative solutions.

**Experience**  
**Senior Machine Learning Engineer, Healthcare AI**  
2019–Present  
- Spearheaded the development of clinically integrated LLMs, improving treatment effectiveness for mental health applications under clinician oversight.  
- Led rapid prototyping efforts for new models, successfully implementing supervised fine-tuning techniques that resulted in a 30% increase in model accuracy.  
- Collaborated closely with cross-functional teams, including founders and engineers, to align technical developments with business objectives in a fast-paced startup environment.  

**Machine Learning Engineer, AI Solutions**  
2018–2019  
- Developed and fine-tuned LLMs, utilizing reinforcement learning from human feedback (RLHF) to enhance model performance and user engagement.  
- Managed red-teaming initiatives to identify vulnerabilities and improve the robustness of machine learning models, leading to a 25% reduction in error rates.  

**Education**  
M.S. in Computer Science  
B.S. in Data Science  

**Skills**  
Python, TensorFlow, PyTorch, Scikit-learn, Natural Language Processing (NLP), Reinforcement Learning, Model Fine-tuning, Rapid Prototyping, Supervised Learning, Experimental Model Development, Red-Teaming."
131,"**Summary**  
Detail-oriented Data Engineer with over 4 years of experience in extracting, transforming, and loading financial data into data lakes. Proficient in SQL, AWS Big Data services, and Python, with a strong ability to collaborate with business stakeholders to deliver actionable insights.

**Experience**  
**Data Engineer**  
Financial Services Industry  
2019–Present  
- Developed and maintained ETL pipelines using AWS Glue and Lambda to process large datasets, enhancing data accessibility for business intelligence teams.  
- Collaborated with business owners to identify key data questions, resulting in the creation of tailored reports that informed strategic decision-making.  
- Implemented data cleansing and validation processes, improving the accuracy of financial reporting by 30%.

**Junior Data Engineer**  
Tech Solutions Industry  
2017–2019  
- Assisted in the migration of data from Oracle EBS to AWS Redshift, optimizing data storage and retrieval processes.  
- Utilized SQL for data manipulation and querying, supporting cross-functional teams with timely insights.  
- Contributed to the development of Python scripts for automated data processing, reducing manual effort by 40%.

**Education**  
B.S. in Computer Science

**Skills**  
SQL, Python, AWS Glue, AWS Redshift, AWS Athena, AWS Lake Formation, AWS Lambda, NoSQL, Oracle EBS, Agile PLM, ETL, Data Warehousing, Data Visualization"
132,"**Summary**  
Dynamic Lead Automation Software Engineer with over 6 years of experience in software engineering and a strong focus on automation solutions. Proven expertise in scripting languages, modern application development, and DevOps practices, driving innovation and efficiency in technology initiatives.

**Experience**  
**Lead Automation Software Engineer, Financial Services**  
2018–Present  
- Spearheaded the development of automation frameworks using Python and Ansible, resulting in a 40% reduction in manual processes and improved operational efficiency.  
- Established best practices for CI/CD pipelines, enhancing deployment speed and reliability across multiple projects.  
- Collaborated with cross-functional teams to analyze business objectives and deliver tailored technology solutions, leveraging reporting tools like Grafana and PowerBI for data visualization.

**Software Engineer, Technology Solutions**  
2016–2018  
- Designed and implemented automation scripts in Perl and Golang, streamlining workflows and reducing incident resolution times by 30%.  
- Contributed to the development of a microservices architecture using Java, improving system scalability and performance.  
- Documented processes and created technical specifications to support ongoing project development and knowledge transfer.

**Education**  
B.S. in Computer Science  

**Skills**  
Python, Ansible, Perl, Golang, Java, .NET, CI/CD, DevOps, Grafana, PowerBI, SharePoint, Automation Frameworks, Software Development Life Cycle (SDLC)"
133,"**Summary**  
Dynamic Senior Cloud Engineer with over 6 years of experience in designing and managing robust cloud infrastructures. Proven expertise in Azure services, automation tools, and CI/CD practices, ensuring high availability and security of cloud solutions. Strong collaborator with a focus on educating teams about emerging cloud technologies.

**Experience**  

**Senior Cloud Engineer**  
Cloud Services Industry  
2018–Present  
- Designed and implemented scalable cloud solutions on Azure, enhancing system reliability and performance for multiple enterprise applications.  
- Developed and managed modular cloud resources using Terraform and Azure Resource Manager, reducing deployment times by 30%.  
- Collaborated with cross-functional teams to optimize cloud architecture, ensuring compliance with security policies and best practices.

**Cloud Engineer**  
IT Solutions Industry  
2016–2018  
- Automated deployment processes using CI/CD pipelines with Azure DevOps, resulting in a 40% increase in deployment efficiency.  
- Managed Azure subscriptions and security boundaries, providing training sessions that improved team understanding of cloud governance and compliance.  
- Implemented Kubernetes for container orchestration, improving application scalability and reducing operational costs.

**Education**  
B.S. in Computer Science

**Skills**  
Azure, Office 365, CI/CD, Terraform, Azure Resource Manager, Ansible, PowerShell, Azure CLI, Kubernetes, networking, load balancing, firewalls, enterprise PKI services."
134,"**Summary**  
Results-driven Business Intelligence Analyst with over 8 years of IT experience specializing in Power BI solutions. Proficient in data modeling, DAX, and creating interactive dashboards, with a strong background in data acquisition and transformation processes.

**Experience**  
**Business Intelligence Analyst**  
2015–2023  
- Led end-to-end implementations of Power BI solutions, successfully delivering over 30 dashboards and reports that enhanced data visibility for stakeholders.  
- Managed data acquisition and transformation processes, ensuring seamless integration from multiple data sources, which improved reporting efficiency by 25%.  
- Conducted training sessions for end-users on Power BI functionalities, fostering a data-driven culture within the organization.

**Data Analyst**  
2013–2015  
- Developed interactive visualizations and reports using Power BI and other data visualization tools, significantly improving decision-making processes for clients.  
- Collaborated with cross-functional teams to analyze data requirements and deliver actionable insights, resulting in a 15% increase in operational efficiency.  
- Utilized SQL for data querying and manipulation, ensuring accurate and timely data reporting for various projects.

**Education**  
B.S. in Computer Science  

**Skills**  
Power BI, DAX, SQL, Data Modeling, Data Visualization, Data Transformation, Dashboard Development, Data Analysis, Power BI Administration, ETL Processes, Microsoft Excel, Tableau"
135,"**Summary**  
Results-driven Azure DevOps Engineer with over 7 years of experience in optimizing DevOps processes and managing cloud migrations. Proficient in Microsoft Azure, CI/CD tools, and Windows Server administration, with a strong focus on enhancing system performance and reliability.

**Experience**  
**Senior DevOps Engineer**  
IT Services  
2016–Present  
- Modernized DevOps workflows by implementing Azure DevOps, resulting in a 30% increase in deployment efficiency.  
- Led the migration of legacy applications to Azure Web Apps, improving system scalability and reducing operational costs.  
- Administered Windows Servers and configured IIS Web servers, ensuring high availability and performance for web applications.

**DevOps Engineer**  
Software Development  
2013–2016  
- Developed and maintained CI/CD pipelines using Jenkins and Azure Pipelines, streamlining the deployment process across multiple environments.  
- Utilized PowerShell scripting for automated server management and job scheduling, enhancing operational efficiency.  
- Collaborated with development teams to implement automated testing solutions, significantly reducing deployment errors.

**Education**  
B.S. in Computer Science

**Skills**  
Microsoft Azure Cloud Services, Azure DevOps, Git, CI/CD (Jenkins, Azure Pipelines, Octopus Deploy), PowerShell, SQL, Azure SQL Database, Windows Server Administration, IIS Web Servers, Azure Kubernetes Service, Ansible, Automated Testing Solutions, Cloud Migrations."
136,"**Summary**  
Results-driven Lead Software Engineer with over 5 years of experience in developing and delivering custom backend solutions for SaaS products. Proficient in Golang and Java, with a strong background in cloud technologies and a proven ability to influence engineering culture within agile environments.

**Experience**  
**Lead Software Engineer, Backend Solutions**  
2018–Present  
- Designed and implemented multiple Proof-of-Concept solutions to support international expansion initiatives, enhancing operational capabilities in EMEA and APAC regions.  
- Collaborated with cross-functional teams to define project requirements and ensure adherence to engineering standards, resulting in a 20% reduction in delivery timelines.  
- Managed vendor relationships and facilitated communication between partner engineering teams, fostering a culture of collaboration and continuous improvement.

**Software Engineer, Cloud Services**  
2016–2018  
- Developed and deployed cloud-based applications using AWS, improving system scalability and performance for retail commerce solutions.  
- Implemented CI/CD pipelines and TDD practices, enhancing code quality and reducing deployment errors by 30%.  
- Actively participated in agile ceremonies, contributing to sprint planning and retrospectives to optimize team efficiency.

**Education**  
B.S. in Computer Science

**Skills**  
Golang, Java, AWS, GCP, Ruby, Agile methodologies, CI/CD, TDD, Git, Solutions Architecture, DevOps, Distributed Systems, Vendor Management, Retail Commerce Solutions."
137,"**Summary**  
Dedicated Azure Cloud Engineer with over 4 years of experience in designing and implementing cloud infrastructure solutions. Proficient in Terraform, Azure DevOps, and Infrastructure as Code (IAC) practices, with a strong focus on optimizing Azure resources and enhancing operational efficiency.

**Experience**  
**Azure Cloud Engineer**  
Cloud Computing Industry  
2019–2023  
- Developed and managed infrastructure using Azure Cloud Services, successfully transitioning multiple Azure DevOps pipelines to Terraform IAC pipelines.  
- Collaborated with cross-functional teams to troubleshoot platform issues, enhancing system reliability and performance.  
- Implemented Azure Virtual Machines, storage accounts, and Virtual Networks, ensuring compliance with best practices and security standards.

**Cloud Solutions Architect**  
IT Services Industry  
2018–2019  
- Designed and deployed scalable cloud solutions leveraging Azure Data Factory and Azure Key Vault, improving data management and security.  
- Automated CI/CD processes using GitLab runners, reducing deployment times by 30% and increasing overall team productivity.  
- Conducted training sessions for application teams on Azure services, fostering a collaborative environment for addressing ad-hoc requirements.

**Education**  
B.S. in Computer Science

**Skills**  
Microsoft Azure, Terraform, Azure DevOps, Infrastructure as Code (IAC), GitLab, Azure Virtual Machines (VMs), Azure Data Factory (ADF), Azure Key Vault (AKV), Azure Purview, Virtual Networks (VNETs), Azure subscriptions, Azure storage accounts, troubleshooting, CI/CD pipelines."
138,"**Summary**  
Experienced Senior Software Engineer with over 5 years in developing scalable applications using TypeScript and JavaScript frameworks. Proficient in architecting maintainable codebases and mentoring junior developers while ensuring adherence to best practices for code quality and performance optimization.

**Experience**  

**Senior Software Engineer**  
Software Development  
2018–Present  
- Led the development of multiple high-traffic applications using TypeScript and React, improving application performance by 30% through optimization techniques.  
- Collaborated with cross-functional teams to translate complex business requirements into technical specifications, enhancing project delivery timelines by 20%.  
- Mentored a team of 5 junior developers, fostering a culture of continuous learning and implementing best practices in coding and testing.

**Software Engineer**  
Web Development  
2016–2018  
- Developed and maintained web applications using Angular and Node.js, contributing to a 25% increase in user engagement through enhanced UI/UX features.  
- Participated in architectural discussions to design scalable solutions, ensuring codebase maintainability and adherence to object-oriented programming principles.  
- Implemented automated testing using Jest and Mocha, reducing bug rates by 40% and improving overall code quality.

**Education**  
B.S. in Computer Science  

**Skills**  
TypeScript, JavaScript, Angular, React, Node.js, Webpack, Babel, Jasmine, Mocha, Jest, Object-Oriented Programming, Design Patterns, Agile Methodologies, Code Optimization, Mentorship."
139,"**Summary**  
Detail-oriented Data Analyst with over 3 years of experience in financial data analysis and reporting. Proficient in SQL and statistical methods, I excel at transforming complex data into actionable insights to support business initiatives. Strong analytical and problem-solving skills combined with a solid foundation in financial principles.

**Experience**  
**Data Analyst - Financial Services**  
2019–Present  
- Analyzed large datasets to identify trends and insights, leading to a 15% improvement in financial reporting accuracy.  
- Developed and automated SQL queries for data extraction, reducing report generation time by 30%.  
- Collaborated with cross-functional teams to enhance data collection processes, ensuring alignment with business needs and improving stakeholder satisfaction.

**Junior Data Analyst**  
2018–2019  
- Assisted in the creation of detailed financial reports using advanced Excel functions, contributing to informed decision-making by management.  
- Conducted data validation and quality checks, which improved the integrity of financial datasets by 20%.  
- Supported the implementation of a new reporting system, streamlining workflows and enhancing data accessibility for end users.

**Education**  
B.S. in Data Analytics  
University of Technology  

**Skills**  
SQL, Microsoft Excel, Data Visualization, Statistical Analysis, Report Writing, Financial Modeling, Data Quality Management, Workflow Process Management, Advanced Analytics"
140,"**Summary**  
Results-driven Python Developer with over 6 years of experience in web frameworks including Django, Flask, and Pyramid, complemented by 8 years of expertise in J2EE. Proficient in data integration and ORM libraries, with a solid understanding of Python's concurrency models and front-end technologies.

**Experience**  

**Senior Python Developer**  
Software Development | 2017–Present  
- Led the development of scalable web applications using Django and Flask, improving application performance by 30%.  
- Integrated data from various sources and databases, enhancing data accessibility and reporting capabilities.  
- Collaborated with front-end developers to implement responsive designs using HTML, CSS, and JavaScript, ensuring a seamless user experience.  

**J2EE Developer**  
Enterprise Solutions | 2015–2017  
- Developed and maintained enterprise-level applications using J2EE, focusing on backend services and database interactions.  
- Streamlined data processing workflows by implementing ORM libraries, reducing data retrieval times by 25%.  
- Mentored junior developers on best practices for Python and J2EE, fostering a knowledge-sharing environment within the team.  

**Education**  
B.S. in Computer Science  

**Skills**  
Python, Django, Flask, Pyramid, J2EE, ORM libraries, SQL, JavaScript, HTML, CSS, multi-threading, data integration, software development methodologies."
141,"**Summary**  
Results-driven Principal Software Engineer with over 12 years of experience in developing and delivering production-grade software solutions within the healthcare sector. Proficient in translating complex requirements into actionable software engineering plans while ensuring adherence to architectural standards and quality benchmarks.

**Experience**  

**Principal Software Engineer, Healthcare Software Development**  
2011–2023  
- Led the development and deployment of multiple high-impact healthcare applications, resulting in a 30% increase in operational efficiency through optimized software solutions.  
- Collaborated with cross-functional teams to gather requirements, design system architecture, and implement high-quality code, ensuring projects were delivered on time and met stakeholder expectations.  
- Established best practices for documentation and code reviews, enhancing team productivity and maintaining high standards of software quality.

**Senior Software Engineer, Health Tech Solutions**  
2009–2011  
- Developed cloud-native applications using AWS and Azure, improving scalability and performance of critical healthcare systems.  
- Championed containerization strategies using Docker and Kubernetes, streamlining deployment processes and reducing time-to-market for software releases.  
- Fostered strong communication with senior leadership, providing regular project updates and facilitating discussions on project priorities and resource allocation.

**Education**  
B.S. in Computer Science  

**Skills**  
Java, C#, Python, SQL, AWS, Azure, Google Cloud, Docker, Kubernetes, Agile methodologies, RESTful APIs, Microservices architecture, Software architecture design, Technical leadership, Documentation practices."
142,"**Summary**  
Detail-oriented Java Developer with over 4 years of experience in software development and microservices architecture. Proficient in Java, Spring Framework, and Kafka, with a strong background in event-driven systems and distributed architectures. Adept at collaborating within teams to deliver high-quality software solutions.

**Experience**  
**Java Developer, Software Development**  
2019–Present  
- Developed and maintained microservices using Java and Spring Framework, enhancing system scalability and performance.  
- Implemented Kafka for real-time data processing, improving message throughput by 30% in event-driven applications.  
- Collaborated with cross-functional teams to design and deploy cloud-native applications on AWS, ensuring seamless integration and deployment.

**Software Engineer, IT Services**  
2018–2019  
- Contributed to the design and development of distributed systems, ensuring efficient message queuing and processing.  
- Utilized Python for scripting and automation tasks, streamlining development workflows and reducing deployment times by 20%.  
- Participated in code reviews and team meetings, fostering a culture of collaboration and continuous improvement.

**Education**  
B.S. in Computer Science

**Skills**  
Java, Spring Framework, Kafka, Python, Microservices, Event-Driven Architecture, Distributed Systems, AWS, Azure, Message Queuing, Problem-Solving, Team Collaboration"
143,"**Summary**  
Dedicated Systems Engineer with over 12 years of experience in developing and architecting solutions for complex defense systems, including Multi-Domain Command and Control (MDC2) programs. Proficient in requirements gathering, modeling, simulation, and verification and validation (V&V) activities, with a strong focus on supporting U.S. Navy aircraft systems.

**Experience**  
**Senior Systems Engineer, Defense Industry**  
2011–Present  
- Led the development and prototyping of advanced systems for the U.S. Navy's E-2D Hawkeye, ensuring alignment with operational requirements and strategic goals.  
- Spearheaded V&V activities, successfully implementing Agile methodologies to enhance project delivery and stakeholder satisfaction.  
- Utilized IBM's DOORS for comprehensive requirements management, streamlining the documentation process and improving traceability.

**Systems Engineer, Aerospace Sector**  
2009–2011  
- Collaborated on the full development life cycle of DoD aircraft systems, focusing on modeling and simulation to validate design concepts.  
- Engaged in data analysis and reporting for V&V processes, contributing to the successful deployment of mission-critical systems.  
- Developed software solutions using Matlab and Python, enhancing system performance and operational efficiency.

**Education**  
M.S. in Aerospace Engineering

**Skills**  
Agile methodology, Atlassian tool suite, Windows, Linux, Matlab, Python, IBM DOORS, requirements management, modeling and simulation, verification and validation (V&V), data analysis."
144,"**Summary**  
Results-driven Front-End Web Developer with over 6 years of experience in enhancing web applications and driving marketing initiatives. Proficient in HTML, CSS, JavaScript, and Adobe Experience Manager, with a strong focus on responsive design and cross-browser compatibility.

**Experience**  
**Senior Front-End Developer, Digital Marketing**  
2018–2023  
- Led the development of user-friendly web interfaces, improving site engagement by 30% through optimized feature releases and continuous updates.  
- Collaborated with marketing and design teams to implement responsive designs and ensure compliance with GDPR and CCPA regulations.  
- Provided technical oversight for both front-end and back-end functionality, resolving complex bugs and maintaining site health and security.

**Front-End Developer, E-Commerce**  
2016–2018  
- Developed and maintained web applications utilizing HTML, CSS, and JavaScript, achieving a 25% reduction in page load times through efficient coding practices.  
- Implemented A/B testing strategies using Google Tag Manager, resulting in a 15% increase in conversion rates.  
- Worked with Adobe Experience Manager to streamline content updates, enhancing the overall user experience.

**Education**  
B.S. in Computer Science

**Skills**  
HTML, CSS, JavaScript, Adobe Experience Manager, Bootstrap, jQuery, responsive design, cross-browser compatibility, GDPR, CCPA, source control systems, Google Tag Manager, Figma, Java"
145,"Summary  
Results-driven Dotnet Developer with over 4 years of experience in application development and support, specializing in .Net Development and Azure. Proven ability to implement high-performance systems and migrate applications to Azure, with strong communication skills for effective collaboration across diverse teams.

Experience  
Dotnet Developer, Information Technology  
2019–Present  
- Led the development and support of multiple applications using .Net and Azure, enhancing system performance and user satisfaction.  
- Successfully migrated legacy applications to MS Azure Functions, resulting in a 30% improvement in processing efficiency.  
- Managed a small team of developers, fostering a collaborative environment and ensuring project milestones were met on time.

Software Engineer, Information Technology  
2018–2019  
- Developed and maintained web applications with .Net, JavaScript, and MSSQL, contributing to a 25% increase in system reliability.  
- Implemented CI/CD pipelines and utilized Docker for containerization, streamlining deployment processes and reducing downtime.  
- Collaborated with cross-functional teams to design and execute data masking strategies, enhancing data security protocols.

Education  
B.S. in Computer Science  

Skills  
.Net, Azure, JavaScript, MSSQL, CI/CD, Docker, Linux, Windows, MS Azure Functions, MS Azure Automation, Data Masking, High-Performance Systems, Team Management"
146,"**Summary**  
Data Scientist with over 4 years of experience in data analysis and visualization, specializing in healthcare data to enhance service accessibility. Proficient in SQL, Python, and business intelligence tools, with a strong focus on predictive analytics and effective stakeholder communication.

**Experience**  
**Data Scientist**  
Healthcare Analytics Industry  
2019–Present  
- Conducted data exploration and cleaning on diverse datasets, improving data integrity and accessibility for healthcare services.  
- Developed interactive dashboards using Tableau and PowerBI, enabling stakeholders to visualize key metrics and make informed decisions.  
- Implemented predictive models using Python and SQL, resulting in a 25% improvement in service delivery timelines for veteran healthcare access.

**Data Analyst**  
Business Intelligence Sector  
2017–2019  
- Analyzed structured and unstructured data sources to identify trends and insights, contributing to strategic planning for healthcare initiatives.  
- Engaged with federal stakeholders to present findings and recommendations, enhancing collaboration on data-driven projects.  
- Utilized R for statistical analysis and geospatial visualization, supporting projects aimed at optimizing resource allocation.

**Education**  
B.S. in Data Science  
University of Technology

**Skills**  
SQL, Python, R, SAS, Tableau, PowerBI, Palantir, data cleaning, predictive analytics, healthcare data analysis, stakeholder engagement, statistics, geospatial analysis, natural language processing, machine learning."
147,"**Summary**  
Results-driven Senior Software Engineer with over 6 years of experience in web development, specializing in .NET technologies and user-centric software solutions for the energy sector. Proven ability to collaborate with cross-functional teams, mentor junior developers, and deliver high-quality software in agile environments.

**Experience**  
**Senior Software Engineer - Energy Sector**  
2017–Present  
- Led the design and development of scalable web applications using .NET 6, Python, and front-end frameworks like React, enhancing user experience and system performance.  
- Implemented microservices architecture and serverless solutions, improving application scalability and reducing deployment times by 30%.  
- Mentored a team of junior developers, fostering skill development and promoting best practices in Test-Driven Development (TDD) and Domain-Driven Design (DDD).

**Software Engineer - Technology Solutions**  
2015–2017  
- Developed RESTful APIs and integrated third-party services using OAuth2 and JWT, ensuring secure data transactions and user authentication.  
- Collaborated with stakeholders to gather requirements and deliver software solutions that met business needs, achieving a 95% satisfaction rate in user feedback surveys.  
- Utilized Agile methodologies and CI/CD practices to streamline development processes, resulting in a 20% increase in project delivery speed.

**Education**  
B.S. in Computer Science

**Skills**  
.NET 6, Python, React, Vue, Angular, microservices, serverless architecture, object-oriented programming, functional programming, Domain-Driven Design (DDD), Test-Driven Development (TDD), JSON, REST, OAuth2, JWT, CQRS, AWS, DynamoDB, Microsoft SQL Server, Git, CI/CD, Agile methodologies."
148,"**Summary**  
Detail-oriented UX/UI Designer with 1 year of experience in creating user-centric digital experiences across web and mobile platforms. Proficient in design tools and committed to enhancing usability through collaboration and user feedback.

**Experience**  
**Junior UX/UI Designer**  
Digital Design Industry  
2022–2023  
- Assisted in the design and development of user interfaces for mobile applications, ensuring alignment with brand guidelines and user needs.  
- Collaborated with cross-functional teams, including developers and product owners, to address design challenges and improve overall user satisfaction based on analytics and user testing insights.  
- Maintained design assets and contributed to the creation of user journey maps that enhanced the user experience.

**Intern UX/UI Designer**  
Tech Startup  
2021–2022  
- Supported the design team in creating wireframes and prototypes using Figma and Sketch, facilitating effective communication of design concepts.  
- Participated in user testing sessions, gathering feedback that informed design iterations and enhanced usability across digital platforms.  
- Utilized project management tools like Jira and Confluence to track design progress and ensure timely delivery of design assets.

**Education**  
B.A. in Graphic Design  
University of Design

**Skills**  
Sketch, Figma, InVision, usertesting.com, Jira, Confluence, user journey mapping, wireframing, prototyping, collaboration, problem-solving, attention to detail, effective communication."
149,"**Summary**  
Detail-oriented Site Reliability Engineer with over 5 years of experience in building and maintaining cloud infrastructure. Proficient in Terraform, GitHub, and Linux systems administration, with a strong focus on collaboration between development and operations teams to enhance platform technologies.

**Experience**  
**Site Reliability Engineer, Cloud Infrastructure**  
2018–Present  
- Developed and maintained scalable infrastructure in Google Cloud and AWS, improving deployment efficiency by 30% through Infrastructure-as-Code practices using Terraform.  
- Collaborated with cross-functional teams to gather technical requirements, leading to the successful implementation of platform technologies that enhanced research capabilities.  
- Automated system configurations using Ansible, reducing manual intervention and deployment times by 25%.

**DevOps Engineer, Technology Solutions**  
2016–2018  
- Managed production environments in Azure, ensuring high availability and performance through effective monitoring and observability practices.  
- Implemented CI/CD pipelines using GitHub, streamlining the development process and enabling faster release cycles.  
- Developed Python and Bash scripts for automation tasks, improving operational efficiency and reducing error rates in deployments.

**Education**  
B.S. in Computer Science

**Skills**  
Google Cloud, Azure, AWS, Terraform, GitHub, Ansible, Infrastructure-as-Code, DevOps practices, Linux systems administration, Python, Bash scripting, automation."
150,"**Summary**  
Detail-oriented Data Engineer with over 6 years of experience in designing and implementing data solutions in retail environments. Proficient in Azure technologies and data pipeline design, with a strong focus on data governance and secure development practices.

**Experience**  

**Data Engineer**  
Retail Industry  
2017–2023  
- Designed and implemented data movement and analytical assets, significantly improving reporting capabilities and decision-making processes for retail operations.  
- Developed comprehensive system documentation in alignment with SAFe Agile principles, enhancing team collaboration and project delivery efficiency.  
- Collaborated with cross-functional teams to define functional and non-functional requirements, ensuring robust data architecture for enterprise Data Lake and Data Warehouse solutions.

**Senior Data Analyst**  
E-commerce Sector  
2015–2017  
- Led the evaluation of architectural options for data solutions, resulting in optimized performance and cost-effective data management strategies.  
- Mentored junior team members in data modeling and reporting practices, fostering a culture of continuous learning and improvement.  
- Engaged with business stakeholders to gather requirements and deliver tailored data insights using Power BI and Azure Data Factory.

**Education**  
B.S. in Computer Science  

**Skills**  
Azure Data Factory, Azure Data Lake Storage Gen2, Databricks, Azure Synapse Analytics, Power BI, Log Analytics, Data Pipeline Design, Data Governance, SAFe Agile, Data Modeling, Reporting, Technical Documentation."
151,"**Summary**  
Detail-oriented Senior Software Engineer with over 6 years of experience in mainframe development and production support within the financial services sector. Proficient in COBOL, DB2, and performance tuning, with a strong focus on ensuring system availability and client satisfaction.

**Experience**  

**Senior Software Engineer, Financial Services**  
2017–Present  
- Led mainframe support initiatives, optimizing system performance and availability, resulting in a 25% decrease in downtime.  
- Developed and maintained COBOL applications, utilizing DB2 and CICS, to enhance transaction processing speed and reliability.  
- Implemented capacity planning strategies using Strobe and iStrobe, improving resource allocation and system efficiency.

**Software Engineer, IT Services**  
2015–2017  
- Supported legacy mainframe systems, executing JCL and SQL scripts to troubleshoot and resolve production issues effectively.  
- Collaborated in an agile team environment to deliver enhancements and bug fixes, using tools like Control-M and Abend-AID for job scheduling and debugging.  
- Engaged in cross-functional communication to gather requirements and ensure alignment with business objectives, enhancing client satisfaction.

**Education**  
B.S. in Computer Science  

**Skills**  
COBOL, DB2, CICS, JCL, MQ-Series, SQL, VSAM, Easytrieve, Strobe, iStrobe, Oracle, File-AID, Endeavor, Intertest, Abend-AID, Control-M, ETL, Informatica, Java, Python, Agile methodologies, mainframe performance tuning."
152,"Summary  
Detail-oriented Big Data Engineer with over 5 years of experience in developing and managing big data services on AWS. Proficient in leveraging Spark and Python for data processing, with a solid understanding of software engineering principles and a working knowledge of Scala.

Experience  
Big Data Engineer  
2018–2023  
- Designed and implemented scalable big data solutions on AWS, enhancing data processing efficiency by 30%.  
- Developed ETL pipelines using Spark and Python, successfully managing large datasets and improving data accessibility for analytics teams.  
- Collaborated with cross-functional teams to establish best practices in cloud architecture and data governance.

Data Engineer  
2016–2018  
- Built and maintained data pipelines that processed terabytes of data daily, ensuring data integrity and availability for business intelligence applications.  
- Utilized AWS services such as S3, EMR, and Redshift to optimize data storage and retrieval processes, reducing costs by 20%.  
- Contributed to the development of automated testing protocols for data workflows, resulting in a 15% decrease in production errors.

Education  
B.S. in Computer Science  

Skills  
AWS, Spark, Python, Scala, ETL, Data Warehousing, Cloud Architecture, Data Governance, Software Engineering Principles, Big Data Solutions"
153,"Summary  
Results-driven Senior Software Engineer with over 5 years of experience in developing large-scale distributed systems. Expertise in network planning software, real-time routing, and scheduling solutions, with a strong foundation in backend development and mathematical optimization techniques.

Experience  
Senior Software Engineer, Transportation Technology  
2018–Present  
- Designed and implemented a network planning tool that optimized route generation for high-capacity vehicles, improving operational efficiency by 30%.  
- Developed algorithms addressing NP-hard routing challenges, leveraging Linear Programming and Mixed Integer Linear Programming to enhance scheduling accuracy.  
- Collaborated cross-functionally with product and operations teams to integrate real-time matching systems, resulting in a 25% reduction in rider wait times.

Software Engineer, Logistics Solutions  
2016–2018  
- Contributed to the development of a scalable backend system for vehicle routing applications, focusing on real-time data processing and system reliability.  
- Implemented features that addressed various variants of the Vehicle Routing Problem, enhancing the system's adaptability to diverse operational scenarios.  
- Engaged in code reviews and mentoring junior developers, fostering a culture of continuous improvement and knowledge sharing within the team.

Education  
M.S. in Computer Science  
B.S. in Computer Science  

Skills  
Java, Python, C++, Distributed Systems, Linear Programming, Mixed Integer Linear Programming, Vehicle Routing Problem, Backend Development, Agile Methodologies, Git, Docker, Microservices"
154,"**Summary**  
Results-driven Solutions Architect with over 6 years of experience in infrastructure and database architecture. Proven ability to enhance customer experiences by collaborating with diverse teams and leveraging data-driven insights to resolve complex issues.

**Experience**  
**Solutions Architect, Technology Services**  
2018–Present  
- Spearheaded initiatives to improve customer experience across digital platforms, leading to a 30% reduction in resolution times for service issues.  
- Collaborated with cross-functional teams, including developers and customer service representatives, to implement infrastructure solutions that enhanced system reliability and performance.  
- Utilized metrics and analytics to identify trends in customer feedback, driving strategic improvements that increased user satisfaction scores.

**Technical Consultant, IT Consulting**  
2016–2018  
- Provided architectural guidance for client projects involving networking and database management, ensuring scalable and efficient solutions.  
- Engaged with developer communities to gather insights and feedback, facilitating the development of tailored solutions that addressed specific user needs.  
- Delivered training sessions and documentation, enhancing team capabilities in troubleshooting and customer service best practices.

**Education**  
B.S. in Computer Science  

**Skills**  
Infrastructure Architecture, Database Architecture, Networking, Customer Experience Management, Data Analysis, Technical Documentation, Cross-Functional Collaboration, AWS, Agile Methodologies, Communication Skills"
155,"**Summary**  
Detail-oriented software engineer with over 8 years of experience in developing advanced web applications and simulation tools for autonomous systems. Proficient in TypeScript and Python, with a strong background in UI/UX design and a passion for creating immersive simulation environments.

**Experience**  

**Senior Software Engineer - Simulation Tools**  
2019–Present  
- Developed and maintained a web-based platform for authoring and inspecting autonomous driving simulation scenarios, enhancing user engagement through intuitive UI/UX design.  
- Collaborated with cross-functional teams to integrate 3D graphical definitions using Three.js, improving the realism and accuracy of simulation outputs.  
- Optimized backend services in Python to facilitate seamless interaction between simulation software and user interfaces, resulting in a 30% increase in processing efficiency.

**Software Engineer - Web Development**  
2015–2019  
- Designed and implemented dynamic web applications using TypeScript and modern frameworks such as Vue.js, focusing on performance and scalability.  
- Led a project to enhance simulation capabilities by integrating C++ modules, which improved the system’s computational efficiency and expanded its functionality.  
- Conducted user testing and implemented feedback to refine UI/UX, which increased user satisfaction scores by 25%.

**Education**  
B.S. in Computer Science  

**Skills**  
TypeScript, Python, C++, Vue.js, Three.js, React, Web Development, UI/UX Design, Simulation Tools, Autonomous Systems, Agile Methodologies"
156,"**Summary**  
Dedicated Java Developer with over 5 years of experience in full lifecycle software development, specializing in Actimize plugin architecture and implementation. Proven track record in designing, testing, and maintaining complex systems to enhance risk management solutions.

**Experience**  

**Java Developer**  
Financial Services Industry  
2018–Present  
- Spearheaded the development of Actimize plugins, defining requirements and designing architecture to improve compliance and risk management workflows.  
- Implemented and tested multiple plugins utilizing Actimize Case Designer and Modeler, resulting in a 30% reduction in processing time for case management.  
- Collaborated with cross-functional teams to document and deploy solutions, ensuring seamless integration with existing systems.

**Software Engineer**  
Technology Solutions Company  
2016–2018  
- Developed and maintained Java applications, focusing on Actimize-related functionalities, which enhanced the client’s risk assessment capabilities.  
- Engaged in code reviews and troubleshooting, improving overall code quality and performance metrics by 25%.  
- Assisted in the migration of legacy systems to Actimize, ensuring compliance with regulatory standards.

**Education**  
B.S. in Computer Science  
University of Technology

**Skills**  
Java, Actimize, Actimize Case Designer, Actimize Modeler, ActOne, Risk Case Manager (RCM), Software Development Life Cycle (SDLC), Agile Methodologies, Testing and Documentation, Plugin Development"
157,"**Summary**  
Results-driven Software Engineer with over 5 years of experience specializing in cryptography and blockchain technologies. Proven expertise in developing secure digital cash solutions and optimizing transaction speeds, with a strong command of Python and C++.

**Experience**  
**Software Engineer, Financial Technology**  
2018–2023  
- Developed and implemented cryptographic algorithms to enhance security and efficiency in digital cash transactions, achieving processing times within milliseconds.  
- Collaborated with cross-functional teams to design blockchain-based solutions, ensuring compliance with secure software development methodologies.  
- Conducted performance optimization and code reviews, leading to a 30% increase in transaction throughput.

**Junior Software Developer, Blockchain Solutions**  
2016–2018  
- Assisted in the development of a decentralized application (dApp) using Ethereum, focusing on cryptographic protocols to secure user transactions.  
- Engaged in rigorous testing and debugging of cryptographic libraries, contributing to a robust and secure application environment.  
- Supported the integration of secure coding practices, resulting in a significant decrease in vulnerabilities during the software lifecycle.

**Education**  
B.S. in Computer Science

**Skills**  
Python, C++, cryptographic algorithms, blockchain technologies, secure software development, Ethereum, performance optimization, agile methodologies, dApp development."
158,"Summary  
Results-driven Senior Software Engineer with over 5 years of experience in software development and system architecture. Proficient in Ruby and Agile methodologies, with a strong track record of leading teams in building and testing high-quality software solutions.

Experience  
Senior Software Engineer, Technology Solutions  
2018–Present  
- Led the transition from a no-code platform to a fully integrated web application, enhancing system performance and scalability.  
- Collaborated closely with executive leadership to define technical specifications and develop a comprehensive product roadmap.  
- Spearheaded the implementation of Agile practices, including scrum and Kanban, resulting in a 30% increase in team productivity.

Software Engineer, Innovative Web Services  
2016–2018  
- Developed and maintained multiple web applications using Ruby, ensuring high code quality and adherence to best practices.  
- Created and managed engineering KPIs and performance dashboards to track project progress and quality metrics.  
- Actively participated in user acceptance testing and documentation of new features, improving overall user experience.

Education  
B.S. in Computer Science  

Skills  
Ruby, Agile methodologies (Scrum, Kanban), No-code platforms (Bubble), Full-stack development, Software testing, Documentation, Engineering KPIs, Metrics dashboards, Collaboration tools (JIRA, Confluence)"
159,"**Summary**  
Dedicated Site Reliability Engineer with over 8 years of experience in maintaining and optimizing production environments. Proficient in AWS services and skilled in Unix/Linux systems, shell scripting, and monitoring tools, ensuring high availability and performance of critical applications.

**Experience**  

**Site Reliability Engineer**  
Technology Services | 2020–Present  
- Managed and supported AWS infrastructure with a focus on EC2, EKS, and RDS, ensuring operational excellence and uptime.  
- Developed automated scripts using Shell and Python for system monitoring and maintenance, significantly reducing manual intervention and downtime.  
- Implemented monitoring solutions with DataDog and Grafana, enhancing visibility into system performance and response times.

**Systems Administrator**  
Information Technology | 2015–2020  
- Administered Unix and Linux servers, optimizing configurations for performance and security across various applications.  
- Conducted regular maintenance and troubleshooting on NFS, LAN, and TCP/IP networks, ensuring seamless connectivity and data integrity.  
- Collaborated in deploying containerized applications using Docker and Kubernetes, streamlining development and production workflows.

**Education**  
B.S. in Computer Science

**Skills**  
AWS (EC2, EKS, RDS), AWS Certified Solutions Architect, Unix, Linux, Shell scripting, Python, Go, DataDog, Grafana, MySQL, Oracle, Docker, Kubernetes, Terraform, Jenkins, Maven, NFS, LAN, TCP/IP"
160,"**Summary**  
Dedicated .NET Developer with over 8 years of experience in designing and implementing applications using C# and ASP.NET Core MVC. Proficient in managing background jobs and SQL development, with a strong focus on delivering high-quality software solutions throughout the development lifecycle.

**Experience**  
**Senior .NET Developer**  
2015–2023  
- Developed and maintained multiple web applications using C# and ASP.NET Core MVC, enhancing user experience and application performance.  
- Implemented background job processing with Hangfire and Windows Services, resulting in a 30% increase in task efficiency.  
- Executed SQL development and reporting using SSRS, providing critical insights and improving data accessibility for stakeholders.  

**.NET Developer**  
2013–2015  
- Collaborated in a team to deliver robust applications utilizing the .NET Framework and Entity Framework for ORM, ensuring seamless data management.  
- Participated in the full software development lifecycle, applying Agile methodologies to streamline project workflow and improve delivery timelines.  
- Conducted code reviews and optimized existing code, leading to a 25% reduction in application load times.

**Education**  
B.S. in Computer Science

**Skills**  
C#, ASP.NET Core MVC, Entity Framework, SQL Server, SSRS, Hangfire, Windows Services, Agile methodologies, Software Development Lifecycle (SDLC)"
161,"**Summary**  
Results-driven Data Engineer with over 5 years of experience in data ingestion, transformation, and modeling. Proven ability to design and implement scalable data solutions that meet business needs, leveraging strong programming skills and cloud technologies.

**Experience**  
**Data Engineer**  
2018–2023  
- Developed and maintained ETL processes using Apache NiFi and Python, improving data pipeline efficiency by 30%.  
- Collaborated with cross-functional teams to design a robust data architecture, enhancing data accessibility and quality across the organization.  
- Implemented data governance practices that ensured compliance with industry standards and improved data integrity.

**Junior Data Engineer**  
2016–2018  
- Assisted in the migration of data to AWS, utilizing Hadoop and Spark to streamline data processing and storage.  
- Created and optimized SQL queries for data retrieval, resulting in a 25% reduction in query execution time.  
- Supported the integration of real-time data streams using Apache Kafka, enabling timely insights for business analytics.

**Education**  
B.S. in Computer Science  

**Skills**  
Python, Java, Scala, Apache Kafka, Apache NiFi, Informatica, SQL, Hadoop, Spark, Hive, AWS, Azure, data governance, data modeling, relational databases, non-relational databases."
162,"**Summary**  
Results-driven Data Scientist with over 4 years of experience in developing and deploying machine learning solutions within the financial services sector. Proficient in collaborating across multidisciplinary teams to enhance user experience and drive business growth through predictive modeling and data analysis.

**Experience**  
**Senior Data Scientist, Financial Services**  
2019–Present  
- Developed and optimized machine learning models for customer segmentation and prediction, leading to a 20% increase in user engagement and retention.  
- Collaborated with product managers and engineers to deploy ML solutions on cloud platforms, improving processing efficiency by 30%.  
- Conducted in-depth analysis of large datasets to extract actionable insights, effectively communicating findings to stakeholders to inform strategic decisions.  

**Data Scientist, FinTech**  
2017–2019  
- Designed and implemented deep learning algorithms using TensorFlow and PyTorch, achieving a 15% improvement in model accuracy for financial forecasting.  
- Worked closely with marketing teams to tailor ML solutions for user acquisition campaigns, resulting in a 25% boost in conversion rates.  
- Continuously monitored model performance and iterated on solutions based on feedback and evolving business needs.

**Education**  
M.S. in Computer Science  
B.S. in Mathematics  

**Skills**  
Python, R, TensorFlow, PyTorch, Apache Spark, cloud computing (AWS, Azure), machine learning algorithms, data analysis, model optimization, financial modeling, cross-functional collaboration, communication skills."
163,"**Summary**  
Results-driven Systems Engineer with over 7 years of experience in the Department of Defense, specializing in requirements development and systems engineering processes. Proficient in Model Based Systems Engineering and technical documentation, with a strong background in managing program technical baselines and conducting program reviews.

**Experience**  
**Systems Engineer**  
2016–2023  
- Led the evaluation and enhancement of systems engineering processes for various military software tools, ensuring compliance with DoD standards.  
- Developed and maintained technical documentation, facilitating clear communication across multidisciplinary teams and supporting the acquisition life cycle.  
- Conducted system validation and testing, improving operational efficiency and reliability of embedded systems utilized in combat operations.  

**Junior Systems Engineer**  
2015–2016  
- Assisted in requirements gathering and architecture design for network systems, contributing to the successful deployment of cloud-based solutions for military applications.  
- Supported configuration management efforts, ensuring that all system components met stringent technical baselines and performance standards.  

**Education**  
B.S. in Systems Engineering  

**Skills**  
Model Based Systems Engineering, Requirements Development, Technical Documentation, Configuration Management, Systems Validation, DoD Acquisition Processes, Network Architectures, Embedded Systems, Cloud Deployment, Electronic Warfare, Air Combat Operations."
164,"Summary  
Detail-oriented JavaFX Software Engineer with over 4 years of experience in software design, development, and testing. Proficient in creating user-friendly GUI applications for LINUX environments, with a strong emphasis on object-oriented design principles.

Experience  
JavaFX Software Engineer  
2019–Present  
- Developed and integrated multiple JavaFX applications, enhancing user experience through intuitive GUI design and efficient functionality.  
- Collaborated with cross-functional teams to implement interface software, resulting in a 30% improvement in application performance and user satisfaction.  
- Conducted rigorous testing and debugging processes, ensuring high-quality deliverables and compliance with project specifications.

Software Developer  
2018–2019  
- Designed and implemented JavaFX components for a large-scale application, contributing to a seamless user interface and robust backend integration.  
- Participated in code reviews and provided mentorship to junior developers, fostering a collaborative development environment and improving code quality.  
- Assisted in transitioning legacy systems to JavaFX, successfully modernizing applications while maintaining essential functionality.

Education  
B.S. in Computer Science  

Skills  
JavaFX, Object-Oriented Design, GUI Development, LINUX, Software Development Life Cycle (SDLC), Agile Methodologies, Testing and Debugging, Java, Git, Maven, UML"
165,"**Summary**  
Detail-oriented Software Tester with over 5 years of experience in quality assurance and software testing for defense-related projects. Proficient in developing and executing comprehensive test plans and cases, utilizing automated testing tools, and collaborating effectively with cross-functional teams to ensure software reliability and performance.

**Experience**  
**Software Tester**  
Defense Industry  
2018–Present  
- Developed and executed functional, regression, and integration test plans for CBRN sensor software, ensuring compliance with DoD standards and enhancing software reliability.  
- Collaborated with developers and stakeholders to gather requirements and provide feedback, resulting in a 30% reduction in defect rates through early identification of issues.  
- Utilized Selenium for automated testing, significantly improving testing efficiency and coverage, while documenting defects in Jira for effective tracking and resolution.

**Quality Assurance Analyst**  
Technology Solutions  
2016–2018  
- Conducted user acceptance testing and provided detailed reports on software performance, leading to actionable insights that improved user experience.  
- Participated in Agile Scrum ceremonies, contributing to sprint planning and retrospectives, which facilitated better communication and project alignment among team members.  
- Performed root cause analysis for critical defects, collaborating with developers to implement solutions that reduced recurring issues by 25%.

**Education**  
B.S. in Computer Science  

**Skills**  
Selenium, Appium, Jira, Azure DevOps, Agile methodologies, software testing methodologies, functional testing, regression testing, integration testing, user acceptance testing, root cause analysis, communication skills."
166,"**Summary**  
Detail-oriented Senior ETL Data Engineer with over 5 years of experience in ETL/ELT development, specializing in data transformation for business intelligence applications. Proficient in SQL and Python, with a strong background in cloud environments and the DBT framework, bringing expertise in delivering scalable data solutions.

**Experience**  
**Senior ETL Data Engineer — Financial Services**  
2018–Present  
- Designed and implemented ETL processes to transform raw data into actionable insights, improving data accessibility for business intelligence analytics.  
- Developed and maintained robust data pipelines using SQL and DBT, ensuring high data quality and performance.  
- Collaborated with cross-functional teams to translate business requirements into technical specifications, successfully managing project timelines and deliverables.

**ETL Developer — Property & Casualty Insurance**  
2016–2018  
- Executed unit tests and debugging processes to enhance data processing workflows, reducing errors by 30%.  
- Utilized git for version control and change management, streamlining the development process and improving team collaboration.  
- Contributed to cloud-based data platform development on AWS, enhancing data storage and retrieval capabilities.

**Education**  
B.S. in Computer Science

**Skills**  
SQL, Python, DBT, AWS, Azure, Google Cloud, ETL/ELT, Git, Data Warehousing, Business Intelligence, Data Transformation"
167,"**Summary**  
Results-driven Software Engineer with over 6 years of experience in leading software development projects and establishing technical direction. Proficient in Java, cloud-based microservices architecture, and agile methodologies, with a strong focus on delivering high-quality software solutions and mentoring junior engineers.

**Experience**  
**Senior Software Engineer**  
2017–2023  
- Led the design and implementation of multiple large-scale projects, ensuring adherence to project management metrics and timelines.  
- Developed and documented technical specifications while conducting thorough code reviews to enhance software quality and performance.  
- Identified and implemented technical improvements that increased system efficiency by 30%, leveraging expertise in cloud technologies and database scripting.

**Software Engineer**  
2016–2017  
- Collaborated with cross-functional teams to develop and maintain microservices on Google Cloud Platform, improving deployment speed and scalability.  
- Conducted unit testing and troubleshooting of applications, successfully reducing bug rates by 25% through rigorous testing protocols.  
- Assisted in mentoring junior engineers, fostering a collaborative environment and promoting best practices in software development.

**Education**  
B.S. in Computer Science  

**Skills**  
Java, Linux, Google Cloud Platform, Microservices, Oracle, PostgreSQL, SQL Server, Web Services, TCP/IP, Agile Methodologies, Embedded Software Programming, Technical Leadership, Code Review, Project Management"
168,"**Summary**  
Detail-oriented AI/ML Software Engineer with over three years of experience in developing and integrating Azure AI services. Proficient in leveraging machine learning technologies to enhance organizational processes, with strong skills in Python, C++, and Java.

**Experience**  

**AI/ML Software Engineer**  
Technology Solutions Industry  
2020–Present  
- Developed and maintained Azure AI applications, successfully integrating Cognitive Services to improve data processing efficiency.  
- Collaborated with cross-functional teams to identify and implement AI solutions that enhanced operational workflows, resulting in a 20% reduction in processing time.  
- Produced comprehensive documentation and user guides for internal stakeholders, ensuring adherence to safety and security protocols.

**Data Analyst**  
Software Development Industry  
2019–2020  
- Conducted data analysis to identify trends and opportunities for AI implementation, contributing to a project that improved decision-making processes.  
- Assisted in the migration of legacy systems to Azure, utilizing Agile methodologies and MS DevOps for project management.  
- Supported internal clients by delivering tailored AI capabilities, enhancing user engagement and satisfaction.

**Education**  
B.S. in Computer Science  
[University Name], [Year]

**Skills**  
Microsoft Azure AI, Python, C++, Java, Azure Cognitive Services, Azure OpenAI models, Agile methodologies, MS DevOps, data analysis, process documentation, effective communication."
169,"**Summary**  
Results-driven Systems Engineer with over 8 years of experience in leading complex technical projects in aerospace and defense sectors. Proficient in managing system requirements, verification, and validation while ensuring compliance with safety and certification standards. Strong background in Model Based Systems Engineering (MBSE) and integration of hardware and software systems for high-stakes exploration missions.

**Experience**  
**Senior Systems Engineer**  
Aerospace Engineering, 2019–Present  
- Led cross-functional teams in the development and integration of systems for lunar and Mars exploration missions, ensuring alignment with NASA's requirements and safety protocols.  
- Managed system architecture definition and requirements verification, resulting in a 30% improvement in project delivery timelines.  
- Conducted design reviews and testing phases, facilitating effective stakeholder communication and ensuring project compliance with Development Assurance standards.  

**Systems Engineer**  
Defense Systems, 2015–2019  
- Developed and implemented system interfaces and integration plans for complex hardware and software systems, enhancing operational capabilities for mission-critical applications.  
- Collaborated with multidisciplinary teams to define and validate system requirements, leading to successful project outcomes and compliance with certification processes.  
- Utilized Model Based Systems Engineering (MBSE) methodologies to streamline project workflows and improve documentation accuracy.

**Education**  
B.S. in Aerospace Engineering

**Skills**  
Systems Engineering, Model Based Systems Engineering (MBSE), Requirements Management, Verification and Validation, Development Assurance, Safety Analysis, Hardware/Software Integration, MS Office Suite, Design Reviews, Project Management, Technical Documentation."
170,"**Summary**  
Detail-oriented .NET Developer with over 4 years of experience in designing, implementing, and testing software solutions. Proficient in C#, ASP.NET Core, and MS SQL Server, with a strong background in developing automated testing tools and generating SSRS reports.

**Experience**  
**.NET Developer**  
Software Development | 2019–Present  
- Developed and implemented new software features using C# and ASP.NET Core, enhancing application performance and user experience.  
- Designed and generated SSRS reports based on business requirements, facilitating data-driven decision-making for stakeholders.  
- Collaborated with QA teams to support integration testing and resolve production issues, ensuring high-quality deliverables.

**Junior .NET Developer**  
Software Solutions | 2018–2019  
- Assisted in the maintenance of the development environment and contributed to the debugging of production issues, improving system reliability.  
- Gathered business requirements and developed test automation tools, reducing manual testing efforts by 30%.  
- Engaged in front-end development using HTML, JavaScript, and CSS, and gained familiarity with Vue.js to enhance application interfaces.

**Education**  
B.S. in Computer Science

**Skills**  
C#, ASP.NET Core, MS SQL Server, HTML, JavaScript, jQuery, CSS, Vue.js, SSRS, Test Automation, Agile Methodologies, Debugging, Software Development Life Cycle (SDLC)"
171,"Summary  
Detail-oriented Kubernetes DevOps Engineer with over 4 years of experience in managing cloud infrastructure, particularly on Google Cloud Platform (GCP). Proficient in Linux environments and shell scripting, with a strong foundation in Infrastructure-as-Code (IaC) and cloud security practices.

Experience  
Kubernetes DevOps Engineer, Cloud Infrastructure  
2019–Present  
- Managed and optimized cloud infrastructure on GCP, focusing on Kubernetes orchestration and deployment of distributed systems.  
- Developed and implemented Infrastructure-as-Code solutions using Terraform, enhancing deployment efficiency and consistency.  
- Collaborated with cross-functional teams to design scalable solutions, improving system reliability and performance.

Cloud Infrastructure Engineer  
2018–2019  
- Automated cloud infrastructure provisioning and management processes, reducing manual intervention through effective shell scripting and Python automation.  
- Implemented security best practices for cloud resources, ensuring compliance with industry standards and reducing vulnerabilities.  
- Led troubleshooting efforts for cloud-based applications, enhancing system uptime and user satisfaction.

Education  
B.S. in Computer Science  

Skills  
Google Cloud Platform, Kubernetes, Linux, Shell Scripting, Python, Infrastructure-as-Code (IaC), Terraform, Cloud Security, VPCs, Subnets, Firewalls, Problem Solving, Remote Communication"
172,"**Summary**  
Dedicated Data Analyst and Project Manager with over 10 years of experience in finance, specializing in data pipeline construction, analytics, and end-user tool development. Proven ability to manage complex projects while ensuring data integrity and delivering actionable insights through advanced analytical techniques.

**Experience**  
**Data Analyst/Project Manager**  
Finance Industry  
2013–2023  
- Developed and maintained data pipelines using KNIME and SQL, improving data processing efficiency by 30%.  
- Created and optimized SharePoint sites to enhance team collaboration and project tracking, resulting in a 25% increase in project delivery speed.  
- Utilized VBA and Microsoft Access for data extraction and reporting, streamlining workflows and improving data accessibility for stakeholders.

**Data Analyst**  
Financial Services  
2010–2013  
- Conducted in-depth data analysis and reporting using Microsoft Excel and Access, leading to actionable insights for senior management.  
- Implemented data schemas for loan data hierarchy in Lynx, enhancing data accuracy and reporting capabilities.  
- Collaborated with cross-functional teams to develop user-friendly tools that facilitated data-driven decision-making.

**Education**  
B.S. in Finance  
University of XYZ

**Skills**  
KNIME, VBA, SQL, Microsoft Excel, Microsoft Access, SharePoint, data pipeline development, project management, data analysis, relational database management systems, Lynx UI, Optima Cognos Reporting Tool, DGSTREAM, DGFU, DGREF, DGLOBE."
173,"**Summary**  
Detail-oriented Cybersecurity Software Engineer with over 3 years of experience in developing secure software solutions for defense applications. Proficient in Java, C++, and Python, with a strong foundation in Agile methodologies and the software development lifecycle.

**Experience**  
**Cybersecurity Software Engineer**  
Defense Industry  
2019–Present  
- Developed and maintained cybersecurity software components for naval applications, enhancing system security and efficiency.  
- Integrated commercial off-the-shelf (COTS) tools into existing systems, streamlining operations and improving functionality.  
- Led unit testing initiatives to ensure software quality and compliance with cybersecurity standards, resulting in a 30% reduction in vulnerabilities.

**Software Developer**  
Technology Solutions  
2017–2019  
- Collaborated in an Agile team to design and implement multi-tier software solutions, focusing on performance and security.  
- Containerized applications using Docker, facilitating smoother deployment and scaling processes.  
- Conducted technical meetings to address software challenges, fostering a culture of continuous improvement and innovation.

**Education**  
B.S. in Software Engineering  

**Skills**  
Java, C++, Python, Agile, Docker, Podman, Linux (Red Hat), Cybersecurity best practices, Software Development Lifecycle, Technical Problem-Solving"
174,"**Summary**  
Results-driven Control Systems Engineer with over 5 years of experience in the aerospace industry, specializing in engine control logic design and system integration for military and rotorcraft applications. Proficient in model-based software development, simulation techniques, and compliance with military and FAA certification standards.

**Experience**  
**Senior Control Systems Engineer**  
Aerospace Engineering, 2020–Present  
- Led a team in the development and verification of advanced propulsion control algorithms, enhancing system performance for military turbofan engines.  
- Spearheaded hardware-in-the-loop testing initiatives, resulting in a 30% reduction in validation time for control systems.  
- Collaborated with airframe manufacturers to define and refine system requirements, ensuring alignment with regulatory standards.

**Control Systems Engineer**  
Aerospace Solutions, 2018–2020  
- Developed and implemented model-based software solutions for rotorcraft engine control, improving system reliability by 25%.  
- Conducted linear and non-linear simulations to optimize control strategies, directly contributing to successful project milestones.  
- Engaged with military clients to gather feedback on system performance, facilitating iterative improvements and compliance with certification requirements.

**Education**  
B.S. in Mechanical Engineering, 2017  

**Skills**  
Model-based software design, propulsion system simulations, control algorithm design, hardware-in-the-loop testing, signal processing, systems integration, CNC programming, technical drawing interpretation, MATLAB, Simulink, C/C++, Python."
175,"**Summary**  
Results-driven Software Engineer with over 7 years of experience in software development, specializing in building scalable healthcare technology solutions. Proven expertise in leading design and architecture efforts, mentoring teams, and optimizing performance through innovative algorithms and automation tools.

**Experience**  
**Lead Software Engineer, Healthcare Technology**  
2016–2023  
- Spearheaded the design and architecture of a high-traffic software platform, successfully scaling it to support a growing user base while maintaining performance standards.  
- Developed and implemented RESTful APIs and optimized SQL Server databases, enhancing data retrieval speed by 30%.  
- Mentored junior developers in coding best practices and Agile methodologies, fostering a collaborative team environment and improving overall project delivery times.

**Software Engineer, Healthcare Solutions**  
2013–2016  
- Collaborated with cross-functional teams to translate high-level requirements into actionable software designs, ensuring alignment with stakeholder expectations.  
- Enhanced application performance through asynchronous programming techniques and rigorous unit testing using XUnit, reducing bug rates by 25%.  
- Led frontend development efforts using React, HTML, and CSS/Sass, improving user experience and engagement metrics.

**Education**  
B.S. in Computer Science

**Skills**  
Microsoft .NET Framework (C#), SQL Server, REST API design, unit testing (XUnit), Git, asynchronous programming, parallel programming, performance optimization, HTML, CSS/Sass, React, Agile methodologies."
176,"**Summary**  
Detail-oriented Senior Full Stack Developer with 8 years of experience in building robust web applications using React.js and .NET technologies. Proven track record in leading development teams, conducting code reviews, and delivering high-quality software solutions that meet client needs.

**Experience**  
**Senior Full Stack Developer**  
Software Development  
2015–2023  
- Led a team of developers in designing and implementing scalable applications using React.js and ASP.NET Core, enhancing user experience and application performance.  
- Conducted comprehensive code and design reviews, ensuring adherence to best practices and security protocols, which reduced bugs by 30% in production.  
- Collaborated closely with QA teams to streamline testing processes, resulting in a 25% decrease in release time for new features.  

**Full Stack Developer**  
Web Technologies  
2013–2015  
- Developed and maintained RESTful APIs and integrated them with frontend applications using modern JavaScript (ES6/ES7) and C#.  
- Implemented security measures in .NET applications, improving data protection and compliance with industry standards.  
- Managed SQL Server databases, optimizing queries to enhance application performance and reliability.

**Education**  
B.S. in Computer Science  

**Skills**  
React.js, .NET Framework, C#, ASP.NET MVC/Core, Entity Framework, RESTful APIs, SQL Server, JavaScript (ES6/ES7, JSX), Agile Methodologies, Code Review, Security Best Practices"
177,"**Summary**  
Detail-oriented Site Reliability Engineer with over 3 years of experience in enhancing system reliability and performance. Proficient in cloud computing, automation, and observability tools, with a strong focus on incident response and operational excellence. Adept at collaborating with development teams to ensure software meets operational standards.

**Experience**  
**Site Reliability Engineer**  
2019–Present  
- Developed and implemented automation solutions that improved system uptime by 30%, enhancing overall operational efficiency.  
- Utilized monitoring tools such as Datadog and Grafana to troubleshoot and resolve complex incidents, significantly reducing mean time to recovery (MTTR).  
- Collaborated with cross-functional teams to optimize software design for reliability, ensuring adherence to compliance and operational requirements.

**DevOps Engineer**  
2018–2019  
- Managed container orchestration with Kubernetes and Docker, facilitating seamless deployment pipelines and improving application scalability.  
- Designed and maintained infrastructure as code using Terraform, resulting in a 25% reduction in deployment time and increased consistency across environments.  
- Engaged in 24x7 on-call rotations, successfully managing incident response and escalation workflows to ensure system reliability.

**Education**  
B.S. in Computer Science

**Skills**  
AWS, Azure, GCP, Docker, Kubernetes, Terraform, Datadog, Grafana, Splunk, RESTful API design, relational databases, NoSQL databases, incident response, automation, observability, system performance."
178,"**Summary**  
Detail-oriented Machine Learning Engineer with over 4 years of experience in developing and implementing advanced machine learning algorithms. Proficient in data analysis, pattern recognition, and neural networks, with a strong foundation in computer science and statistics. Adept at collaborating with cross-functional teams to deliver scalable machine learning solutions.

**Experience**  
**Machine Learning Engineer**  
2019–Present  
- Developed and deployed machine learning models that improved predictive accuracy by 30%, utilizing neural networks and pattern recognition techniques.  
- Analyzed large datasets using Python and R, leading to insights that optimized business processes and enhanced decision-making.  
- Collaborated with software engineers and data scientists to integrate machine learning solutions into existing cloud infrastructure, ensuring seamless deployment and performance.

**Data Scientist**  
2018–2019  
- Designed and implemented algorithms that processed and analyzed big data, resulting in a 25% reduction in processing time.  
- Conducted statistical analyses and developed visualizations to communicate findings to stakeholders, facilitating data-driven strategy development.  
- Engaged with cross-functional teams to refine data collection processes and improve data quality for machine learning initiatives.

**Education**  
M.S. in Data Science  
B.S. in Computer Science  

**Skills**  
Python, R, TensorFlow, Keras, Scikit-learn, SQL, Big Data technologies, Cloud platforms (AWS, Azure), Data analysis, Neural networks, Pattern recognition, Algorithms, Statistics."
179,"**Summary**  
Detail-oriented Software Developer with over 5 years of experience in system software development, specializing in embedded Linux and driver development. Proficient in C/C++, Java, and Python, with a strong background in creating user mode applications and device drivers for diverse systems.

**Experience**  
**Software Developer, Semiconductor Industry**  
2018–2023  
- Developed reference designs that effectively showcased new technologies, enhancing product visibility and client engagement.  
- Collaborated with core engineering teams to design and implement user mode applications and device drivers for networking and automotive systems, improving system performance and reliability.  
- Led the debugging and optimization of modules across various platforms, ensuring seamless integration from application to driver level.

**Software Engineer, Embedded Systems**  
2016–2018  
- Designed and implemented real-time, multithreaded applications in embedded Linux environments, significantly reducing latency and improving responsiveness.  
- Created multiple proofs of concept and demos that illustrated innovative solutions for complex technical challenges, garnering positive feedback from stakeholders.  
- Conducted thorough testing and debugging processes, utilizing tools and methodologies that enhanced software quality and user experience.

**Education**  
B.S. in Computer Engineering

**Skills**  
C, C++, Java, Python, Linux, Embedded Linux, Driver Development, Real-time Systems, Multithreading, Systems Programming, Debugging, Networking, Automotive Systems, Proofs of Concept, Collaboration Tools."
180,"**Summary**  
Experienced Senior Software Engineer with over 8 years in full-stack development, specializing in web user interfaces within regulated environments. Proficient in the Microsoft technology stack, with a strong focus on C#, .NET, and SQL to deliver high-quality software solutions.

**Experience**  
**Senior Software Engineer, Medical Device Industry**  
**2015–Present**  
- Led the design and development of scalable web applications using ASP.NET MVC, enhancing user experience and meeting regulatory compliance.  
- Collaborated with cross-functional teams to integrate front-end technologies like jQuery with back-end services, resulting in a 30% increase in application performance.  
- Implemented Entity Framework for efficient data management, reducing database query times by 25% and improving overall application efficiency.  

**Software Engineer, Healthcare Technology**  
**2013–2015**  
- Developed and maintained full-stack applications, utilizing C# and .NET framework to streamline internal processes and improve data accuracy.  
- Participated in code reviews and contributed to best practices, fostering a culture of continuous improvement and knowledge sharing within the team.  
- Assisted in the migration of legacy systems to modern web applications, ensuring compliance with industry standards and enhancing system reliability.

**Education**  
B.S. in Computer Science

**Skills**  
C#, .NET, ASP.NET, MVC, jQuery, SQL, Entity Framework, Web Development, Agile Methodologies, Software Development Life Cycle (SDLC), Regulatory Compliance"
181,"**Summary**  
Data Scientist with over 6 years of experience specializing in AI/ML projects and predictive analytics. Proven track record in leading initiatives that drive business opportunities and enhance decision-making through data-driven insights. Proficient in Python and R, with expertise in the full machine learning lifecycle and advanced analytical techniques.

**Experience**  
**Senior Data Scientist**  
2018–Present  
- Led the design and implementation of multiple large-scale AI/ML projects, resulting in a 30% increase in operational efficiency through predictive analytics.  
- Established best practices for the organization's AI/ML function, enhancing collaboration and standardization across teams.  
- Communicated complex data insights to stakeholders, enabling data-driven decision-making and identification of new business opportunities.

**Data Scientist**  
2016–2018  
- Developed and deployed machine learning models using Python and R, achieving a 25% improvement in forecasting accuracy.  
- Conducted feature engineering, model training, and validation, ensuring robust performance and reliability of analytical solutions.  
- Utilized SQL and Tableau for data processing and visualization, effectively presenting findings to non-technical stakeholders.

**Education**  
M.S. in Computer Science  
University of Technology

**Skills**  
Python, R, SQL, Tableau, Power BI, AWS, Azure, Databricks, Spark, predictive analytics, machine learning, optimization, cluster analysis, feature engineering, data visualization, supervised learning, unsupervised learning."
182,"**Summary**  
Innovative Product Designer with over 5 years of experience in creating user-centered designs for B2B SaaS applications. Adept at transforming complex problem spaces into intuitive and engaging interfaces while collaborating closely with cross-functional teams to ensure technical feasibility and brand alignment.

**Experience**  
**Product Designer, SaaS Solutions**  
2018–2023  
- Led the design of an IT ticketing platform, enhancing user experience through comprehensive usability testing and iterative design processes.  
- Developed high-fidelity mockups and interactive prototypes using Figma, resulting in a 30% increase in user satisfaction scores post-launch.  
- Collaborated with engineering teams to create a scalable design system, streamlining the development process and ensuring consistency across product features.

**Junior Product Designer, Startup Incubator**  
2016–2018  
- Contributed to the design of multiple B2B applications, focusing on user journey mapping and interface design.  
- Assisted in building early brand content, ensuring alignment with user needs and market trends, which helped secure initial funding for the startup.  
- Conducted user research and usability tests that informed design decisions and improved overall product functionality.

**Education**  
B.S. in Graphic Design  
University of California, 2016  

**Skills**  
Figma, Sketch, Adobe Creative Suite, User Research, Usability Testing, Prototyping, Design Systems, Collaboration Tools, Agile Methodologies, B2B SaaS Design"
183,"**Summary**  
Detail-oriented Network Engineer with over 4 years of experience in configuring, installing, and maintaining network devices and services. Proficient in troubleshooting complex networking issues and implementing security protocols, with a strong foundation in routing protocols and firewall management.

**Experience**  

**Network Engineer**  
Telecommunications Industry  
2019–Present  
- Configured and installed routers, switches, and firewalls, enhancing network performance and reliability for enterprise clients.  
- Monitored network performance and availability, achieving a 99.9% uptime through proactive maintenance and system upgrades.  
- Provided level 2 and 3 support, resolving networking issues efficiently and collaborating with vendors to ensure timely solutions.  

**Junior Network Engineer**  
IT Services  
2017–2019  
- Assisted in the deployment of (SD)WAN solutions, leading to a 30% reduction in operational costs for client networks.  
- Implemented security tools and procedures in alignment with best practices, improving overall network security posture.  
- Participated in infrastructure projects, contributing to continuous improvement initiatives that streamlined network operations.

**Education**  
B.S. in Computer Science  

**Skills**  
CCNA, CCNP, routers, switches, firewalls, VPNs, (SD)WAN, network security, Palo Alto firewall, Panorama, network performance monitoring, troubleshooting, configuration management."
184,"**Summary**  
Detail-oriented software engineer with a B.S. in Computer Science and over 2 years of experience in developing software solutions for research applications. Proficient in C#, Python, and Unity, with a strong focus on assistive technologies and multimodal data analysis.

**Experience**  
**Research Software Engineer**  
2021–2023  
- Developed and prototyped software solutions for projects related to human and artificial vision, utilizing C# and Python to enhance research capabilities.  
- Contributed to the BionicVisionXR simulator in Unity, improving user experience and functionality through innovative shader implementations.  
- Collaborated with interdisciplinary teams to design and implement assistive technologies, ensuring effective integration of software with hardware components.

**Software Developer Intern**  
2020–2021  
- Assisted in the development of immersive virtual reality applications, gaining hands-on experience with C++, CUDA, and shader programming.  
- Participated in code reviews and contributed to production-level code, enhancing software reliability and performance.  
- Engaged in problem-solving sessions that improved team communication and project organization.

**Education**  
B.S. in Computer Science  
[University Name], 2020

**Skills**  
C#, Python, Unity, CUDA, Shaders, Virtual Reality, Augmented Reality, Multimodal Data Analysis, Software Development, Assistive Technologies, Problem Solving, Team Collaboration"
185,"**Summary**  
Results-driven Data Scientist with over 4 years of experience in developing statistical models and machine learning algorithms to derive actionable insights from large datasets. Proven expertise in causal inference, Bayesian analysis, and cross-functional collaboration within the retail sector.

**Experience**  
**Data Scientist, Retail Analytics**  
2019–2023  
- Developed and implemented advanced machine learning models that improved customer segmentation and targeted marketing strategies, resulting in a 20% increase in campaign ROI.  
- Conducted hypothesis testing and statistical analysis to identify key business problems, effectively collaborating with stakeholders to translate findings into actionable insights.  
- Utilized Bayesian inference techniques and Directed Acyclic Graphs (DAGs) to enhance model accuracy and interpretability, leading to improved decision-making processes.

**Junior Data Scientist, E-commerce Solutions**  
2018–2019  
- Assisted in the development of causal inference models that evaluated the impact of promotional strategies on sales performance, providing data-driven recommendations to optimize future campaigns.  
- Engaged in data visualization projects using Tableau and Power BI to present analytical findings to non-technical teams, facilitating better understanding and strategic planning.  
- Supported cross-functional teams in data collection and preprocessing, ensuring high-quality datasets for analysis.

**Education**  
M.S. in Data Science  

**Skills**  
Python, R, SQL, Bayesian Inference, Causal Inference, Directed Acyclic Graphs (DAGs), Machine Learning, Statistical Analysis, Tableau, Power BI, Data Visualization, People Analytics"
186,"**Summary**  
Detail-oriented Data Analyst with over 4 years of experience in the financial services sector. Proficient in data analysis methodologies and client relationship management systems, with a strong focus on account management and data administration to drive business profitability.

**Experience**  
**Data Analyst — Financial Services**  
2019–Present  
- Supported Relationship Managers by analyzing client data to enhance account management processes, resulting in a 15% increase in client satisfaction scores.  
- Administered NCNA transversal requirements, ensuring compliance with terms and conditions while streamlining data management workflows.  
- Collaborated with cross-functional teams to optimize product management strategies, contributing to a 20% increase in overall profitability.

**Junior Data Analyst — Financial Services**  
2018–2019  
- Assisted in the administration of client data systems, improving data accuracy and accessibility for account management teams.  
- Developed reports and dashboards using data analysis tools to inform decision-making processes, leading to more effective business strategies.  
- Engaged in network administration tasks to support data integrity and security protocols, enhancing operational efficiency.

**Education**  
B.S. in Data Science  

**Skills**  
SQL, Excel, Tableau, Python, CRM systems, Data Management Frameworks, Financial Data Analysis, Network Administration, Business Intelligence Tools"
187,"**Summary**  
Experienced Dotnet Developer with over 7 years in software design, development, and deployment, specializing in financial applications. Proficient in .NET technologies and skilled in delivering robust web solutions while ensuring high usability and security standards.

**Experience**  

**Dotnet Developer**  
Financial Services Industry  
2016–2023  
- Designed and developed core financial applications using .NET, C#, and SQL Server, enhancing application performance by 30%.  
- Provided tier III technical support, successfully resolving complex software and hardware issues, resulting in a 95% customer satisfaction rate.  
- Collaborated in Agile teams to implement web security measures and ensure compliance with industry standards, leading to a 40% reduction in security vulnerabilities.

**Software Engineer**  
Technology Solutions  
2015–2016  
- Developed web applications using Angular, Bootstrap, and ASP.NET, improving user experience and engagement metrics by 25%.  
- Analyzed and modified existing application systems to enhance functionality and performance, streamlining processes and reducing operational costs.  
- Participated in both Waterfall and Agile methodology projects, contributing to successful project deliveries on time and within budget.

**Education**  
B.S. in Computer Science  
University of Technology

**Skills**  
.NET, C#, SQL Server, Oracle, Visual Studio, Azure DevOps, Angular, Bootstrap, CSS, SASS, JavaScript, jQuery, Blazor, React, Node.js, Agile, Waterfall, Object-Oriented Programming, Web Services, Relational Databases."
188,"**Summary**  
Results-driven Senior Software Engineer with over 6 years of experience in designing and deploying scalable core runtime services within Agile environments. Proficient in Kotlin and Core Java, with a strong foundation in object-oriented design and Test Driven Development (TDD).

**Experience**  

**Senior Software Engineer**  
Software Development  
2018–Present  
- Led the design and implementation of cloud-native applications using Kotlin, improving system performance and scalability by 30%.  
- Developed and deployed microservices on Kubernetes, enhancing deployment efficiency and reducing downtime through CI/CD practices.  
- Collaborated with cross-functional teams to refine technical solutions, addressing complex business domain challenges and ensuring alignment with project goals.  

**Software Engineer**  
Software Development  
2016–2018  
- Contributed to the development of distributed systems, focusing on resiliency and consistency, which resulted in a 25% increase in system reliability.  
- Implemented Test Driven Development (TDD) practices, leading to a 40% reduction in bugs and improved code quality across multiple projects.  
- Engaged in platform-level design and prototyping, utilizing technologies such as Kafka, MongoDB, and Elastic Search to optimize data processing and retrieval.

**Education**  
B.S. in Computer Science  

**Skills**  
Kotlin, Core Java, Object-Oriented Design, Test Driven Development (TDD), Software Development Life Cycle (SDLC), AWS, Kubernetes, Docker, CI/CD, Distributed Systems, Kafka, MongoDB, Elastic Search, Cloud-Native Architecture."
189,"**Summary**  
Detail-oriented Network Engineer with over 5 years of experience in network administration, design, and security. Demonstrated expertise in troubleshooting complex network issues and implementing robust security measures to enhance infrastructure performance.

**Experience**  

**Network Engineer**  
Telecommunications Industry  
2018–Present  
- Managed and maintained network infrastructure, ensuring optimal performance and minimal downtime.  
- Analyzed and resolved network issues, reducing incident response time by 30% through effective troubleshooting techniques.  
- Designed and implemented security protocols that enhanced network integrity and compliance with industry standards.  

**Junior Network Administrator**  
IT Services  
2016–2018  
- Assisted in the administration of network systems, contributing to a 25% improvement in system reliability.  
- Supported the deployment of network solutions that streamlined operations and increased efficiency across departments.  
- Collaborated with cross-functional teams to ensure seamless integration of network components and security measures.

**Education**  
B.S. in Computer Science

**Skills**  
Network administration, network design, troubleshooting, security protocols, CCNA, CCNP, network infrastructure management tools, analytical skills, problem-solving, communication, collaboration."
190,"**Summary**  
Results-driven Senior .NET Developer with over 7 years of experience in designing and developing robust client applications using C#, SQL, and JavaScript. Proven track record in ensuring software operational stability and mentoring team members, alongside strong problem-solving and communication skills.

**Experience**  
**Senior .NET Developer**  
2016–2023  
- Spearheaded the design and development of scalable web applications and services, employing RESTful techniques and ensuring high performance and reliability.  
- Led unit test suite development, enhancing code quality and reducing defects by 30%, while mentoring junior developers on best practices.  
- Collaborated with cross-functional teams to produce comprehensive documentation for issue remediation, contributing to improved operational efficiency.

**Software Engineer**  
2013–2016  
- Developed and maintained client applications using the .NET framework, C#, and SQL, achieving a 25% increase in application responsiveness.  
- Implemented object-oriented design principles and ER data modeling, resulting in a more intuitive database structure and improved data retrieval times.  
- Engaged in on-call support duties, swiftly addressing critical issues to maintain application stability and user satisfaction.

**Education**  
B.S. in Computer Science

**Skills**  
C#, .NET Framework, SQL, JavaScript, RESTful Services, Azure, Unit Testing, Object-Oriented Design, ER Data Modeling, Azure DevOps, Git, Jira, Problem Solving, Time Management, Communication Skills, Financial Transaction Concepts"
191,"**Summary**  
Detail-oriented Python Developer with over 4 years of experience in building and maintaining RESTful APIs and backend services. Proficient in using Flask, Celery, and various Python dependency management tools, with a strong foundation in Object-Oriented programming and data pipeline management.

**Experience**  
**Python Developer**  
Software Development  
2019–Present  
- Developed and maintained scalable RESTful APIs and backend services utilizing Flask, enhancing system performance and reliability.  
- Designed and implemented Python SDKs for multiple applications, improving integration and user experience.  
- Managed programmatic job scheduling and data pipelines using Airflow, optimizing data processing workflows.

**Software Engineer**  
Data Solutions  
2017–2019  
- Collaborated on data science projects using Jupyter notebooks, applying machine learning techniques to derive actionable insights.  
- Developed complex queries for offline databases with Presto and Hive, improving data retrieval efficiency by 30%.  
- Implemented Celery for asynchronous task management, streamlining background job processing.

**Education**  
B.S. in Computer Science

**Skills**  
Python, Flask, Celery, Datadog, Pip, Conda, Airflow, Jupyter, Presto, Hive, Spark, Object-Oriented Programming, RESTful APIs"
192,"**Summary**  
Detail-oriented Data Analyst with over 4 years of experience in the manufacturing sector, specializing in statistical analysis and data mining. Proven ability to develop and implement analytical models while collaborating with cross-functional teams to drive data-driven decision-making.

**Experience**  
**Data Analyst, Manufacturing Industry**  
2019–Present  
- Developed and optimized statistical models to analyze production data, leading to a 15% increase in operational efficiency.  
- Collaborated with various departments to gather requirements and deliver actionable insights, enhancing stakeholder engagement and satisfaction.  
- Managed and maintained data lakes, ensuring data accuracy and integrity for reporting and analysis.

**Junior Data Analyst, Manufacturing Sector**  
2018–2019  
- Assisted in the implementation of digital twin models, improving predictive maintenance strategies across production lines.  
- Supported data requests and trained power users on analytical tools, fostering a data-driven culture within the organization.  
- Utilized Power BI and Tableau to create interactive dashboards, streamlining data visualization and reporting processes.

**Education**  
B.S. in Applied Mathematics  

**Skills**  
Data mining, Statistical analysis, Digital twins, Simca, Power BI, Tableau, Microsoft Excel, Braincube, PI, PI Vision, Plant Applications, Database management, Data accuracy, Stakeholder communication."
193,"**Summary**  
Experienced Systems Engineer with over 9 years in avionics systems development, specializing in requirements capture and validation for military and commercial applications. Proficient in leading cross-functional teams to deliver high-quality display technologies while ensuring compliance with industry standards and regulations.

**Experience**  

**Senior Systems Engineer, Avionics**  
2018–Present  
- Led the systems engineering lifecycle for military display products, ensuring successful requirements capture and system design through the use of DOORS and JAMA.  
- Developed comprehensive Traceability Verification Matrices (RTVM) and Design Verification Testing (DVT) protocols, resulting in a 30% reduction in validation time.  
- Collaborated with hardware and software teams to create Interface Definition Documents (IDDs) and Interface Control Drawings (ICDs), enhancing communication and integration efficiency across projects.  

**Systems Engineer, Aerospace Technology**  
2014–2018  
- Managed the integration of military avionics systems, focusing on compliance with DO-254 and DO-178B/C standards.  
- Conducted Acceptance Test Reports (ATP) and validation activities, achieving a 95% pass rate during initial testing phases.  
- Engaged in program reviews and coordinated with engineering sub-disciplines to align project goals with regulatory requirements, contributing to successful FAA and MIL certification processes.

**Education**  
B.S. in Electrical Engineering  
M.S. in Systems Engineering  

**Skills**  
DOORS, JAMA, RS-232, ARINC 429, MIL-STD-1553, ARINC 664, ARINC 818, AMLCDs, OLEDs, LED, DO-254, DO-178B/C, DO-160, ARP-4754A, ARP-4761, MIL-STD-882E, FAA certification, MIL certification, systems engineering lifecycle."
194,"**Summary**  
Dedicated DevOps Engineer with over 3 years of experience in automating application build and release processes. Proficient in managing deployments across various environments and skilled in infrastructure automation to enhance operational efficiency.

**Experience**  
**DevOps Engineer** — IT Services  
2019–Present  
- Developed and maintained CI/CD pipelines using Azure DevOps, significantly reducing deployment times by 30%.  
- Automated infrastructure provisioning with Terraform and Ansible, ensuring consistent environment setups across development, validation, and production.  
- Collaborated with cross-functional teams to troubleshoot production application issues, enhancing system reliability and performance.

**Software Developer** — Software Development  
2018–2019  
- Participated in the design and implementation of scalable web applications, utilizing C# and SQL to optimize database interactions.  
- Contributed to the integration of Git for version control and collaborated in code reviews to maintain high coding standards.  
- Assisted in the configuration and deployment of applications on both Windows and Linux environments, ensuring seamless operation across platforms.

**Education**  
B.S. in Computer Science

**Skills**  
Azure Cloud, Terraform, Ansible, Azure DevOps, SonarQube, Git, Docker, C#, SQL, Linux, Windows, CI/CD, Infrastructure Automation"
195,"**Summary**  
Detail-oriented Data Science intern with hands-on experience in predictive modeling and algorithm implementation. Proficient in R and Python, with a solid foundation in statistical analysis and data analytics methodologies. Adept at collaborating with cross-functional teams to deliver data-driven solutions that enhance product development.

**Experience**  
Data Science Intern  
2022–2023  
- Developed and validated predictive models using R and Python, leading to a 15% increase in forecast accuracy for product performance metrics.  
- Collaborated with engineers and scientists to gather data requirements and deliver tailored analytics solutions, enhancing decision-making processes across teams.  
- Utilized advanced statistical methods and machine learning techniques to analyze experimental data, contributing to the optimization of product formulations.

Research Assistant  
2021–2022  
- Assisted in the implementation of algorithms for data analysis projects, improving data processing efficiency by 20%.  
- Conducted statistical analysis using software tools, providing insights that supported ongoing research initiatives in product development.  
- Managed and maintained databases, ensuring data integrity and accessibility for team members.

**Education**  
B.S. in Data Science  
2021

**Skills**  
R, Python, C/C++, SQL, machine learning, statistical analysis, data visualization, predictive modeling, database management, data analytics, virtual experimentation."
196,"**Summary**  
Detail-oriented Python Developer with over 5 years of experience in building and enhancing research platforms for financial services. Proven ability to collaborate with cross-functional teams to create custom products and tooling, with a strong focus on analytical problem-solving.

**Experience**  
**Python Developer | Financial Technology**  
2018–2023  
- Developed and maintained a scalable research platform, successfully integrating custom tools that improved data analysis efficiency by 30%.  
- Led a greenfield project from conception to deployment, employing microservices architecture to enhance system performance and reliability.  
- Collaborated closely with quantitative analysts and traders to gather requirements and deliver tailored solutions that supported advanced trading strategies.

**Software Engineer | Data Solutions**  
2016–2018  
- Engineered backend services using Python to process large data sets, resulting in a 25% reduction in processing time for analytics tasks.  
- Implemented distributed systems that facilitated real-time data streaming and analytics, enhancing decision-making capabilities for research teams.  
- Conducted thorough testing and optimization of code, ensuring high reliability and performance under varied workloads.

**Education**  
B.S. in Computer Science

**Skills**  
Python, Microservices, Distributed Systems, Data Analysis, SQL, Docker, Agile Methodologies, REST APIs, Git, Cloud Computing"
197,"**Summary**  
Dedicated Network Engineer with over 8 years of experience in designing and implementing robust routing and switching solutions, specializing in IoT deployments and communication protocols. Proficient in OSPF, BGP, and SD Access, with a strong background in enhancing network scalability and availability.

**Experience**  

**Senior Network Engineer**  
Telecommunications Industry  
2015–Present  
- Led the design and deployment of complex routing and switching architectures, optimizing network performance for IoT applications across large-scale environments.  
- Implemented SD Access and DNAC solutions, resulting in a 30% increase in network efficiency and reduced downtime during device deployments.  
- Collaborated with cross-functional teams to integrate Cisco ISE and TACACS for enhanced security protocols, ensuring compliance with industry standards.

**Network Engineer**  
Information Technology Sector  
2013–2015  
- Developed and executed routing protocols using OSPF and BGP, significantly improving network reliability and speed for client systems.  
- Managed DNS/DHCP configurations, streamlining network operations and reducing resolution times by 25%.  
- Assisted in the creation of scalable network designs that accommodated growth in IoT device deployments, enhancing overall system availability.

**Education**  
B.S. in Network Engineering  
University of Technology  

**Skills**  
OSPF, BGP, SD Access, DNAC, VxLAN, Cisco ISE, TACACS, DNS, DHCP, IoT solutions, network scalability, basic scripting, device deployment."
198,"**Summary**  
Data Scientist with over 5 years of experience in deploying AI/ML models on cloud platforms, particularly Google Cloud. Proficient in Python, SQL, and machine learning frameworks, with a strong background in operationalizing large-scale models and mentoring junior team members.

**Experience**  
**Data Scientist**  
2018–2023  
- Developed and deployed real-time AI/ML models on Google Cloud Platform, enhancing marketing strategies and driving a 20% increase in campaign efficiency.  
- Managed and scaled machine learning solutions, utilizing Python, PySpark, and SQL to optimize data processing and model performance.  
- Led a team in implementing MLOps practices, automating training and inference workflows using Airflow, which reduced model deployment time by 30%.

**Junior Data Scientist**  
2016–2018  
- Conducted data collection, cleaning, and preprocessing, ensuring high-quality datasets for analysis and model training.  
- Employed classical and deep learning algorithms, including Random Forest and CNNs, to solve complex classification problems, achieving an accuracy improvement of 15%.  
- Collaborated with cross-functional teams to present findings and insights, effectively communicating technical concepts to non-technical stakeholders.

**Education**  
B.S. in Computer Science  

**Skills**  
Python, PySpark, SQL, BigQuery, Scikit-learn, TensorFlow, Keras, PyTorch, Airflow, MLOps, machine learning algorithms, data preprocessing, feature engineering, regression analysis, classification, unsupervised learning."
199,"**Summary**  
Detail-oriented RCM Data Analyst with over 4 years of experience in data analysis and visualization within the healthcare sector. Proficient in SQL and Tableau, with a strong ability to translate complex datasets into actionable insights for cross-functional teams.

**Experience**  
**Data Analyst – Healthcare Industry**  
2019–Present  
- Developed and maintained interactive dashboards in Tableau, enhancing data accessibility for stakeholders and improving decision-making processes.  
- Conducted comprehensive data cleaning and analysis, identifying key trends that led to a 15% increase in operational efficiency.  
- Collaborated with finance and clinical teams to perform ad-hoc analyses, translating technical findings into understandable insights for non-technical audiences.

**Junior Data Analyst – E-commerce**  
2017–2019  
- Assisted in the collection and analysis of large datasets, employing SQL to extract relevant information for reporting purposes.  
- Created visualizations using Power BI that effectively communicated performance metrics to management, resulting in strategic adjustments that improved sales by 10%.  
- Utilized R for statistical analysis, contributing to projects that enhanced customer segmentation and targeting strategies.

**Education**  
B.S. in Data Science  

**Skills**  
SQL, Tableau, Power BI, R, Python, SAS, data visualization, relational databases, statistical analysis, data cleaning, cross-functional collaboration, dashboard development."
